X,Y,xG,shotType,bodyPart,situation,playerReceivedBall,goal
0.35026724295945844,0.20867198908842427,0.08071420349099481,Open Play,Right Foot,,Pass,
,,0.049993702570842236,Open Play,Left Foot,Outside Box,Pass,0
0.6448728256605587,0.3988455183170722,0.12949932597963867,Set Piece,Head,Inside Box,Cross,0
0.9466598095348067,0.9075050636716141,,Open Play,Right Foot,Inside Box,Pass,1
0.27064845942132015,0.12157664316335909,0.050835329880807356,Open Play,Left Foot,Outside Box,Through Ball,0
0.6076716048906917,0.31865405278182257,0.1196422880727271,Open Play,Left Foot,Outside Box,Pass,0
0.37252681725176806,0.16291643934979433,0.059814865263041694,Set Piece,,Inside Box,Cross,
0.6448491365321772,0.4045151560992258,0.1344343277494269,,,,Cross,0
0.7899399803258211,0.5093699422874172,0.19027569973409603,Open Play,Left Foot,Inside Box,Pass,0
0.7789657594229074,0.5093613195312372,0.1702876731774046,Open Play,Right Foot,,Pass,0
0.29903559945968583,0.1994487689863014,,Open Play,Left Foot,Outside Box,Pass,0
0.5897210317150019,0.3317562136160352,0.09936068756044221,Open Play,Left Foot,Outside Box,Pass,0
0.7971428405038675,0.47018536139136763,0.1600434353939313,,Right Foot,Inside Box,Cross,0
0.5017675860117102,0.29867630279681834,,Open Play,Right Foot,,Pass,0
0.5584341564516511,0.2517634280122925,0.0805341241997439,,Right Foot,Inside Box,,0
0.896936687649472,,0.26027314750804625,Open Play,Right Foot,Inside Box,Pass,1
0.6379365994143905,0.4067624726888793,,Open Play,Right Foot,Outside Box,Pass,0
0.9301521169632327,0.8363082881550487,0.31882922020829096,Open Play,Right Foot,Inside Box,Pass,
0.7795366488097215,,0.2697580316820997,Open Play,Left Foot,Inside Box,Pass,1
0.6445822798823045,0.40685129777474754,0.13549627150586624,Open Play,Left Foot,Inside Box,,0
0.5694545133895933,0.28114207529744356,0.10943127843272302,Open Play,,Inside Box,Pass,
,0.10254484236288547,0.040003665425340076,Set Piece,Head,Outside Box,Cross,
0.3488900521115965,,0.07007983387572342,Open Play,Right Foot,Outside Box,Pass,0
0.24082792225429078,0.10205598153724232,0.04073993782521387,Open Play,,Outside Box,,0
0.4698445863975357,0.3608478013901342,0.13535415781481808,Open Play,Left Foot,Outside Box,Through Ball,0
0.8004914880075337,0.6799737307465706,,Open Play,Right Foot,Inside Box,Pass,1
0.25946141437963394,0.11284785920471385,0.04055309299984847,Open Play,,Outside Box,Pass,0
0.8489884159714497,0.5194954387465511,0.18923197175196343,Open Play,Right Foot,Inside Box,,0
0.7704101681360022,0.6609027616314848,0.2503788020337646,Open Play,Left Foot,Inside Box,Through Ball,1
,0.567870371498997,0.2103317697689264,,,Inside Box,,0
0.679482335698609,0.43787934312631543,,Open Play,Left Foot,Inside Box,Pass,0
0.8970060609640453,0.6793701164984762,0.24893003016237647,,Right Foot,Inside Box,Cross,0
0.4485026041770853,0.31960921278015997,,Open Play,Left Foot,,Pass,0
,0.6796273739074448,0.27879605613722236,Open Play,Right Foot,Inside Box,Cross,1
0.3895425720651061,0.19880387828333754,0.06082720150699787,Open Play,,,Through Ball,0
,0.8104185757102571,0.3091939747070503,Open Play,Left Foot,Inside Box,Pass,
0.4096777242025159,0.2105290684597876,0.06958735768019161,Set Piece,Head,Inside Box,,0
0.6586698243380805,0.6476407097280931,0.24994049583425185,Open Play,,,Pass,1
,0.8364647999035768,0.318626398151859,Open Play,Left Foot,Inside Box,Pass,1
0.643571003896985,0.40449561571219744,0.1392569235153753,Open Play,Left Foot,Inside Box,Through Ball,0
0.7770147173346129,,0.18026955368952818,Open Play,Left Foot,Inside Box,Cross,0
0.5618432294565745,0.27015835143132855,0.08979540650380247,Set Piece,Head,Inside Box,Cross,
,0.9070982692141223,,Open Play,Left Foot,Inside Box,Through Ball,1
0.6442372134009171,0.40350660599492544,0.14083535288745075,Open Play,Left Foot,Outside Box,Through Ball,0
0.7903494903590785,0.5511158697300401,0.2000075939265162,,Right Foot,Inside Box,,1
,0.5009132156949294,0.19007093018095922,Open Play,Left Foot,Inside Box,Pass,0
0.6289289492074702,0.40615475843413146,0.1344966734426682,Open Play,Right Foot,Inside Box,Pass,
0.6435510752692469,,0.12079862092606364,Open Play,,,,0
0.7575069543060645,0.42010862036747243,0.13503416984490088,Open Play,Right Foot,Inside Box,Pass,0
0.859381705450088,0.7267997069375789,,Open Play,Left Foot,Inside Box,Through Ball,1
0.5109374010554475,0.2423407126600242,0.08997076504743506,Open Play,Left Foot,,Pass,0
0.29227662041688046,,0.060184004304571465,Open Play,,Outside Box,Pass,0
0.9184704954868601,0.8077578621081904,0.3193400181438866,Open Play,Left Foot,Inside Box,Pass,
0.7078426816669263,0.689243608296395,0.23982023022556304,Open Play,,Inside Box,Pass,
0.5896580063163324,0.34965975748841505,0.09996293157771856,,,Inside Box,Pass,0
0.8077549131071713,,0.16993821584358418,Open Play,Right Foot,Inside Box,Pass,0
0.567874274520582,0.2892590487549676,0.09970952169780066,Open Play,,Inside Box,Cross,0
0.7589202541727115,0.5400560021293075,0.19004299426238908,Open Play,Left Foot,Inside Box,Cross,0
0.6435397574507226,0.406148786928494,0.13489680190182457,Set Piece,Head,,Cross,0
0.6284960677162318,0.38893880066451764,0.13457218724175782,Open Play,Right Foot,Outside Box,Through Ball,0
0.8101254790568195,0.6501012967714961,0.23909641489281513,Open Play,Left Foot,Inside Box,Through Ball,0
0.7572534481110038,0.49915884232344654,0.16988488982361313,Open Play,Left Foot,Inside Box,Pass,0
0.7100447868994673,0.6402874003790433,0.25019193110300963,Open Play,Right Foot,,Through Ball,1
0.8970949610036262,0.7083735084155949,0.24895299942824756,Open Play,Left Foot,Inside Box,Pass,1
0.6456522421765246,,,,Right Foot,Inside Box,,0
0.2495192727648668,0.12161356350357705,0.05049577746730691,Open Play,Right Foot,Outside Box,Pass,0
0.5299465547805469,,0.13446521492771663,Set Piece,Head,Inside Box,Cross,0
0.7504925546415437,0.4503235726352574,0.1706465114964694,,Right Foot,Inside Box,Cross,0
0.7073021727951175,0.4888848399638733,0.15022058163380236,Open Play,Left Foot,Inside Box,Pass,0
0.8085495153880968,0.5672647282631857,0.2401607353813215,Open Play,Right Foot,Inside Box,Pass,0
0.5507245617670744,0.3786594127311144,0.12980111903593525,Open Play,Right Foot,Outside Box,Pass,
0.2901070992481894,0.12119523309524366,,,,Outside Box,,0
0.3118702906738275,0.1397868408830859,0.05052166503367943,Open Play,Right Foot,Outside Box,Pass,0
0.8095335267481305,0.7281211590570533,0.2687368579737677,Open Play,Left Foot,Inside Box,Through Ball,1
0.5892247147344254,0.4113550974868787,0.13960859819536298,Open Play,Left Foot,Outside Box,Through Ball,0
0.33013182456545903,0.18940507045088764,0.07071121956819418,Open Play,Right Foot,Outside Box,Through Ball,
0.6428022572154842,0.3806885177515947,,,Right Foot,Outside Box,Cross,0
0.6465057465237632,0.3211888113380073,0.13492258794371334,Open Play,Left Foot,Inside Box,Cross,0
,0.2291560838622693,0.07041524287894764,,,,Cross,0
0.6005903346851001,0.28180050693282116,,,Right Foot,,Cross,
0.8774704221365799,0.7367145351321087,0.28869514238163274,Open Play,Left Foot,Inside Box,Pass,1
0.6446672869870294,0.4060947506513943,0.13583613339749942,Open Play,Left Foot,Inside Box,Pass,0
0.2593183652992186,0.13967544794756287,0.05962216991918172,Open Play,Right Foot,Outside Box,Pass,0
0.6903435881853438,0.5302586367908458,0.21013984907740313,Open Play,Right Foot,Inside Box,Pass,1
,0.4096013699195364,,Open Play,Left Foot,Inside Box,Pass,0
0.4695731314994356,0.31995440713171897,0.10038936297960331,Set Piece,Head,Inside Box,Cross,0
0.45848206830227767,0.231397888797697,0.07968430687562092,Open Play,Left Foot,Outside Box,Pass,0
,0.405944293162931,0.13537072493537713,Open Play,,Inside Box,Through Ball,0
0.8991107712339867,0.7995422663777152,0.3099232220786873,Open Play,Right Foot,Inside Box,Pass,1
0.5796584200712986,0.33102412543024223,0.10959621076020444,Set Piece,Head,Inside Box,,
0.3119710923237312,0.16125407066667374,0.060153837262615764,,Right Foot,Inside Box,Pass,0
0.4494148797009272,0.21137218692950593,0.06107417281834791,Set Piece,Head,Outside Box,Cross,0
0.7180736649902827,0.6600623178750369,0.18001059090942537,Open Play,Right Foot,Inside Box,Pass,0
,0.5008053996565036,,Set Piece,,Inside Box,Cross,0
0.281760783588219,,0.05956023602097778,Open Play,Right Foot,Outside Box,Pass,0
0.32894899252571724,0.2299852400850912,0.08063821389969382,Open Play,Left Foot,,Pass,0
0.5100487259271252,0.25072106743105116,0.07953673949870539,Set Piece,Head,Inside Box,Cross,0
0.9203737373762937,0.8463495415841784,0.3294193668957778,Open Play,Left Foot,Inside Box,Pass,1
0.5094051813370294,0.23120288333310793,0.0897886796653804,Open Play,Left Foot,Outside Box,Through Ball,0
0.5212078797340732,0.2523745417112869,0.07946472034225095,Open Play,Left Foot,Inside Box,Pass,0
0.45990960425315175,0.18059551158312803,0.060066341008198645,,,Inside Box,Cross,0
0.7898116989441594,0.481091906131669,0.16909351775586037,,Right Foot,,,0
0.8779910827809472,,0.2596609888626701,Open Play,Left Foot,Inside Box,Pass,0
0.7286634867237575,0.4078876063085141,0.13945565191879092,,,Inside Box,Cross,0
0.7785042510860158,0.5710748308383692,0.2395635755846039,Open Play,Left Foot,Inside Box,Pass,1
0.3491914858131965,0.14972141003127115,0.0495910769243601,Open Play,Left Foot,Outside Box,Pass,0
0.646232105678795,0.4104086445731089,0.13981072815024612,Open Play,Left Foot,Outside Box,,0
0.6430221008265932,0.40364646469918997,0.13468621448466908,Open Play,Right Foot,Inside Box,Through Ball,0
,0.6086516396104831,0.20963745766413722,Open Play,Right Foot,Inside Box,Pass,0
0.6460481899359606,0.4057865397938735,0.14009395761097132,Open Play,Left Foot,Inside Box,Pass,
0.5088438184909094,0.21887825795830504,0.0697857166908792,Open Play,Left Foot,Outside Box,Through Ball,0
0.6456951221490812,0.4815003801790305,0.19947816698239437,Open Play,Right Foot,,Pass,1
0.9088968875795538,0.719328806718039,0.2803058508826184,Open Play,Left Foot,Inside Box,Pass,1
0.5902896583554204,,0.09994649651605146,Open Play,Left Foot,Inside Box,Cross,0
0.2815218622437979,0.11178468373539518,0.03974648312084615,Open Play,,Outside Box,Pass,0
,0.04999999999999999,0.01999999999999999,Set Piece,Head,Outside Box,Cross,0
0.34090015163115833,,0.08016584696293302,Open Play,Right Foot,Outside Box,Through Ball,0
0.24029000997585886,0.12048961976860273,0.05055755951792905,Open Play,Right Foot,Outside Box,Through Ball,0
0.4483565952800147,0.24963576400767357,,Open Play,Left Foot,,Pass,0
0.9499999999999997,0.9079171174413063,0.34988071428124484,Open Play,Left Foot,Inside Box,Pass,1
0.37261843058866523,0.2512559339608972,0.08948941589789511,Open Play,Right Foot,Outside Box,Through Ball,0
0.7175393239588352,0.4988020766258938,0.17068377428637319,Open Play,Left Foot,Inside Box,Through Ball,0
,0.3617074805668109,0.13057737280835888,Open Play,Left Foot,Outside Box,Through Ball,1
0.630267321588806,0.34180839012897074,0.1300297828997977,Set Piece,Head,Inside Box,Cross,0
,0.4808395715145424,0.16930064200030032,Open Play,Left Foot,Inside Box,Through Ball,0
0.6445206768100493,0.40668035693655397,0.13561010218754077,,Right Foot,Inside Box,,0
0.3292179030441801,0.20918015355059041,0.09038610226350818,Open Play,Left Foot,Outside Box,Pass,0
0.5594067726464086,0.16977821119368636,0.07943307002337784,Open Play,Left Foot,,Cross,0
0.643867085582544,,0.11986576788729422,Open Play,,Inside Box,Pass,0
0.7997070690259113,0.5088675634613222,0.19939867941588907,Open Play,Left Foot,Inside Box,Pass,1
0.5596830799392112,0.32918556055106074,0.11947344046047131,,Right Foot,Inside Box,Pass,0
0.7479656800660439,0.6474425101865645,0.23948972582601064,Open Play,Right Foot,Inside Box,Pass,1
0.9083304795156064,0.8182442755613553,,Open Play,Left Foot,Inside Box,Through Ball,1
0.9073097570818482,0.719651801683187,0.2492322602098721,Open Play,Left Foot,Inside Box,Pass,0
,0.7080541332281565,0.280193886772014,Open Play,Left Foot,Inside Box,Cross,0
0.5281037462139492,0.2918510935886238,0.10026862727408685,Set Piece,Head,Inside Box,Cross,0
0.939249949439024,0.9064556636967036,0.32946005717304394,Open Play,Right Foot,Inside Box,Pass,
0.2726355807848111,0.1494842358088555,0.06105376245428146,Open Play,,Outside Box,Through Ball,0
,0.3393934561324467,0.10058911826592634,,Head,,Cross,0
0.8201060954175959,0.5394135255235715,,Open Play,Left Foot,Inside Box,Pass,0
0.450060294432418,0.25129196623957906,0.08983112377060562,,,Inside Box,Pass,0
0.6460153595846158,,,,Right Foot,Outside Box,Cross,0
0.6596168109531599,0.45920814704639074,0.13582044792780126,Open Play,Right Foot,Inside Box,Pass,0
0.9081383793195485,0.788285508382007,0.2992753071358708,Open Play,Left Foot,Inside Box,Pass,1
0.5480384051524628,0.29240265061349513,0.09976854737422142,Open Play,Left Foot,Inside Box,Cross,0
0.6287999193227904,0.4036528651771685,0.17013478522823916,Open Play,Left Foot,Outside Box,Through Ball,1
0.8902305855626348,0.767086814335953,0.2998592200185015,Open Play,Right Foot,Inside Box,Pass,1
,,0.30892916676820636,Open Play,Left Foot,Inside Box,Pass,
,,0.12020530756665475,Open Play,Right Foot,,Pass,0
0.6433166162549142,0.40704506853150857,0.13472775438816104,Open Play,Left Foot,Inside Box,Pass,0
0.7483596168963951,0.48176014811156964,,Open Play,Right Foot,Inside Box,Cross,0
0.45902303648482656,0.21170123163427657,0.06074910421271322,Open Play,Right Foot,,Cross,0
0.643710744240143,,0.11084223000546212,,Head,,,
0.5201105554196308,0.2702300807331216,0.11004626645785777,Open Play,Right Foot,Outside Box,Pass,
0.7500882505460307,0.49908152151292895,0.18029022954451035,Open Play,Right Foot,,Pass,0
0.5997847540880342,0.4291186210835065,,Open Play,Left Foot,,Through Ball,1
,0.6571240214608645,0.25015385742984575,Open Play,Right Foot,Inside Box,,1
0.5807625720578715,0.27924799288318747,,Open Play,,Inside Box,Pass,0
0.7510363316429017,0.6610714416441472,0.23953330484016194,Open Play,Left Foot,Inside Box,Through Ball,
0.2890400121024059,0.16163147619310686,0.07089912783499389,Open Play,Right Foot,Outside Box,Pass,0
0.5202832816078348,0.33218140356462816,0.12032728982332483,Set Piece,Head,Inside Box,Cross,0
,,,,,,Cross,0
0.6425329968186221,0.40421039545250814,0.13489726490134654,Open Play,Left Foot,Inside Box,Pass,0
0.8768147587025319,0.7105947346773592,0.2599839471351515,Open Play,Right Foot,Inside Box,Pass,0
0.28968300201223046,0.14233261325901064,0.049735619942195455,Open Play,Left Foot,Outside Box,Pass,0
0.6462810681100788,0.40346873323365934,0.1355885542394784,,Right Foot,Inside Box,,
0.2921981029828149,,0.06020089788784856,Open Play,Left Foot,Outside Box,Through Ball,0
0.8773990082845581,0.7798791871880609,0.29898968264936676,Open Play,Right Foot,Inside Box,Pass,1
,0.1589175116385465,0.060505646468812596,,Right Foot,Outside Box,,0
0.3121763514739697,0.18209554009145357,0.07041553531037016,Open Play,,Outside Box,Pass,0
0.43084079584786605,0.2787533700647471,0.09011047819664234,Set Piece,Head,Outside Box,Cross,0
,,,Open Play,Left Foot,Inside Box,Cross,
0.8769669711551558,0.6885596156029501,0.24953079773645725,,,Inside Box,,0
0.7202175768758331,0.5095002983117677,0.1707149013075972,Open Play,Right Foot,,Pass,0
0.9287234920631386,0.8383269944132585,0.31852510394832295,Open Play,Right Foot,Inside Box,Pass,1
,0.7898228721568228,0.2998823015377512,Open Play,Left Foot,Inside Box,Pass,1
0.3214636207096236,,,Open Play,,,,0
0.8591986799707908,0.740361997876184,0.28914298763512375,Open Play,Left Foot,Inside Box,Through Ball,
,,0.24035587190753827,Open Play,Left Foot,Inside Box,Pass,0
0.3886051577865311,0.2287921482817544,0.08959631448917625,Set Piece,Head,Inside Box,Cross,
0.3492705794344374,0.2215289716260616,0.08971542493736334,Open Play,Right Foot,Outside Box,Pass,0
0.8981192181063726,0.7504166701039516,0.2601893509686407,Open Play,Right Foot,Inside Box,Pass,1
0.7697071744131866,,0.27990128073727993,Open Play,Right Foot,Inside Box,Through Ball,1
0.5410623101769987,0.2696257079305909,0.09095386989846155,Set Piece,Right Foot,,Cross,0
0.5317068854449475,0.4037197320434465,0.1347760769222079,Set Piece,Head,Inside Box,,0
0.7787477763376526,,0.18970515927095377,Open Play,Right Foot,Inside Box,Pass,0
0.5292902191544129,0.4059052129945719,,Open Play,Right Foot,Inside Box,Pass,0
0.6434475459703102,0.35969382751411916,0.13572613354612123,Set Piece,,Inside Box,Cross,0
0.4915935086444261,0.278609870118151,0.11074973703265867,,,,Pass,0
0.4696315895131681,,0.1347553608465209,Open Play,Left Foot,Outside Box,Through Ball,
0.37964603112892914,0.2120200581402046,0.08086031850733531,,Head,Outside Box,Pass,0
0.8770424178216043,0.780415796026688,0.29898210164907435,Open Play,Left Foot,Inside Box,Pass,1
,0.18975425885040087,0.06008957877468775,Open Play,Left Foot,Outside Box,Pass,0
0.7201510616770401,0.47867662317285636,0.19955275754210322,Open Play,Left Foot,,Through Ball,0
0.6450711143507549,0.4069972058301299,0.1356539058569457,Set Piece,Head,Inside Box,Cross,0
0.6459989566450882,0.40638267329430294,0.13477226379956167,,Right Foot,,Cross,0
0.8496902738678875,,0.19963512698995703,Open Play,Left Foot,Inside Box,Pass,
,0.398639982504365,,,Right Foot,,Cross,0
0.24227323279624502,0.12948914862320243,0.0504689321460184,Open Play,Right Foot,Outside Box,Through Ball,0
0.49135629064820563,0.23231678392353883,0.08069533287992384,Open Play,Right Foot,Outside Box,Pass,0
0.8987275092659119,0.6892301498926907,0.24954882721916258,Open Play,Left Foot,Inside Box,,0
0.4009512853070637,0.20883655901128859,,Open Play,,,Pass,0
0.830191230862591,0.5182584166970688,0.18915092702978284,Open Play,Left Foot,Inside Box,Pass,0
0.7111138423454103,0.521094040657938,0.23903578941840609,Open Play,Left Foot,Inside Box,Pass,
0.3909053470732611,0.2100389488130656,0.07004381235520132,Open Play,Left Foot,Outside Box,Through Ball,0
0.9081747015988302,0.8000202118481599,0.30903016409866113,Open Play,,Inside Box,Pass,1
0.7500491104984517,0.5713375612400948,0.23918688592059076,Open Play,Right Foot,Inside Box,Pass,1
0.7698906314045615,0.5613748436225099,0.19938190483384666,Open Play,Left Foot,Inside Box,Pass,0
0.3393378106770766,,0.050864263232277204,,Head,Outside Box,,0
0.2902551550137162,0.16019078754913724,0.0596879773879561,Set Piece,Head,,Cross,0
0.11259669415474893,0.053288098704982245,0.039688934602011575,Open Play,Right Foot,Outside Box,Pass,0
0.5096515358424306,0.404514193418444,0.1347500945421304,Open Play,Head,Outside Box,Pass,0
0.3404890029063578,0.22085060164340697,0.07000143425517392,Open Play,Left Foot,Outside Box,Through Ball,0
0.7272287448239623,0.4492213620235401,0.1696311002925999,Open Play,Left Foot,Inside Box,Pass,0
0.42916268672938784,0.25031374079235835,0.09052443195622596,Open Play,Right Foot,Outside Box,Pass,0
,0.4317589342092994,0.1404052731802215,,Right Foot,Inside Box,,0
0.9467606239432376,0.8498684563140557,0.31899246428398476,Open Play,Left Foot,Inside Box,Through Ball,1
0.827647700060832,0.509875740196744,0.16966008767445173,Set Piece,Head,Inside Box,Cross,0
,0.3298036547431633,0.10004243410630995,Open Play,Left Foot,Inside Box,Pass,0
0.37050098573028356,0.16937384651112086,0.05986251745772113,Set Piece,Head,,Cross,0
0.2221379540624498,0.10154984263967154,0.04046212800722673,Open Play,Left Foot,Outside Box,Pass,0
0.5392629804555104,0.18193297554267093,0.06987659463252222,Open Play,Left Foot,Inside Box,Cross,0
0.6448322929053726,0.40426191602932804,0.10098016398565612,Open Play,Right Foot,Inside Box,Pass,0
0.8498415937218807,0.7396141964602875,0.28016270347439465,Open Play,Left Foot,Inside Box,Through Ball,1
0.4804164896157652,0.25883568892818887,0.09989661902644506,,Head,Inside Box,Cross,0
0.7400665295538419,0.5601390195197633,0.24046823390580435,Open Play,,Inside Box,Pass,1
0.8102762226068332,0.7282135365290332,0.2893403440101338,Open Play,Left Foot,Inside Box,Pass,
0.6476683061565482,0.40451731369344296,0.13962184198089997,Open Play,Right Foot,Inside Box,Pass,0
0.7406328482971212,0.5297393039554966,0.18992541008879463,Open Play,Left Foot,Inside Box,Cross,0
0.5390466837194914,,0.12963431563096953,Set Piece,Head,Inside Box,Cross,0
0.9497392673271523,0.9081738150770526,0.3496380823625652,Open Play,Right Foot,Inside Box,Through Ball,1
0.6426745498204056,0.4035828395132272,0.13508838736244214,Open Play,Left Foot,,Through Ball,0
0.6439232701065961,0.3996473767229174,0.11016771278047237,Open Play,Right Foot,,Pass,0
0.3497850755395266,0.20019843671004123,0.0695677311560602,Open Play,Right Foot,Outside Box,Through Ball,
0.7010239362415741,0.4062587597416624,0.13425108281112935,Open Play,Right Foot,Inside Box,Pass,0
0.6984622816443499,0.4702294829902509,0.14982580999574183,Open Play,Right Foot,Outside Box,Pass,
0.6435746730000592,0.4041783896201189,0.135725815605505,Open Play,Right Foot,Inside Box,Pass,0
0.8871540832023022,0.7783532974066534,0.29006406460062883,Open Play,Left Foot,Inside Box,Pass,1
0.5094425013551341,0.24028688753886504,0.07987835701350915,Open Play,Left Foot,Inside Box,Cross,
0.24046926410454755,0.11010146394843817,0.04101604476478096,Open Play,Right Foot,Outside Box,Pass,0
0.899334246735451,0.7989044396014064,0.3100593103632164,Open Play,Right Foot,Inside Box,Through Ball,1
0.8697532939813344,0.8105717027880952,0.29935723574721274,Open Play,Right Foot,,Pass,
0.8288459750006323,0.6679231919039081,0.24962404287712986,Open Play,Right Foot,Inside Box,Pass,0
0.5492638356842907,0.3916125454632636,0.11060317155881597,Open Play,Right Foot,Inside Box,Through Ball,0
,0.4033267949156752,0.13502122835602057,Open Play,Right Foot,Inside Box,Cross,0
0.5805540082647079,0.371267907114076,0.10976443387975873,,Right Foot,Inside Box,Cross,0
0.5579948127056095,0.33062917614108855,0.11941177233622935,,Head,Outside Box,Cross,0
0.4322884225028707,,0.0699512937490386,Open Play,Right Foot,Outside Box,Pass,0
0.660587932788722,0.43037864659020236,,Open Play,Left Foot,Inside Box,Pass,0
0.7482928714345516,0.5096090069789195,0.19063273035452383,Open Play,Left Foot,Inside Box,Pass,1
0.6449048253952914,0.4600072298886046,0.16991778348425451,Open Play,Right Foot,Inside Box,Pass,0
0.7003161273891934,0.42065198741103,0.13579578749756904,Open Play,Right Foot,Inside Box,Pass,0
0.8800012832875981,0.7270028450597941,0.27921503139625425,Open Play,Left Foot,Inside Box,Pass,1
0.31001138864081695,0.1991655082578552,,Open Play,Right Foot,Outside Box,Pass,0
0.24947609550930228,0.11043540753016268,0.04043624634156158,Set Piece,Head,Inside Box,Cross,0
0.6427881395641125,,,Set Piece,Right Foot,,Cross,
0.643423138980012,0.40409835207953726,0.13562163282006198,Open Play,Left Foot,Inside Box,Pass,0
0.7808825242375564,0.7179766396075382,,Open Play,Left Foot,Inside Box,Through Ball,
0.6431064937141555,0.40357821830176593,0.1353752708874035,Open Play,Left Foot,,Pass,0
0.810614567857046,0.6593178134573617,0.24012643892321017,,Right Foot,Inside Box,,1
0.3510631465071345,0.2002716439634573,0.07053228210093926,Open Play,Left Foot,Outside Box,Through Ball,0
0.8904692283535693,,0.29924051644622984,Open Play,Left Foot,Inside Box,Pass,1
,0.1518228780290236,,Open Play,Left Foot,Outside Box,Pass,
0.3301556886543317,0.21097472624676683,0.08051779633494018,Open Play,Right Foot,Outside Box,Pass,
0.6433258348571349,0.3521904335448862,0.10961112615603419,,Right Foot,Inside Box,Cross,0
0.9004017500191526,0.5482204277249862,0.2600279833978121,Open Play,Left Foot,Inside Box,Cross,
0.8076332909600432,0.5592185777278954,,Open Play,Left Foot,Inside Box,Pass,0
0.7004804762619838,,0.13469457394055764,Set Piece,Head,Inside Box,Cross,0
0.857190794439459,0.7105490981845473,0.2797686906473451,Open Play,Left Foot,Inside Box,Pass,1
0.8583042715814564,0.710256922691342,0.2496196212835094,Open Play,Left Foot,Inside Box,Through Ball,1
0.47112414780387235,0.342213793847428,0.13497919993089463,Open Play,Right Foot,,Through Ball,0
,0.3893991930589436,0.1307021651003022,Open Play,Right Foot,,Pass,0
0.8088345987732981,0.529004316147217,0.19962702270601157,Open Play,Left Foot,Inside Box,Through Ball,0
,0.1329909168269207,0.05044959759033747,Set Piece,Head,Inside Box,Cross,0
,0.5111761289303562,0.19943440468171358,Open Play,Left Foot,,Through Ball,
0.9274343651685517,0.7865281708113758,0.2792811961146944,Open Play,Left Foot,Inside Box,Pass,1
0.9485484852267942,0.9070855641095106,,Open Play,Right Foot,Inside Box,,1
0.6455488627755038,0.37918732857541343,0.11995618278282781,Set Piece,,Inside Box,,0
,0.25850498640684566,0.10086622474783855,Set Piece,,Inside Box,Cross,0
0.57802286816995,0.35170905492778304,0.10968718136935625,,,Outside Box,,0
,0.32198518460872233,0.09079182443853409,Open Play,Right Foot,Inside Box,Pass,0
0.7279998666963101,0.4784402131758859,0.17016248737502693,Set Piece,Head,Inside Box,Cross,0
,0.26107127160567456,0.10092171656099116,Open Play,Left Foot,Outside Box,Through Ball,0
0.3318112488176563,0.1914097617171797,,Open Play,Left Foot,Outside Box,Pass,0
0.4596101344157871,0.20932470956729501,0.06984048783881958,Set Piece,Head,Inside Box,Cross,0
0.8980444454257697,0.7389445784553639,0.2797570234957572,,Right Foot,Inside Box,,1
0.44868809839685353,0.20861231015282353,0.08059963840462989,Open Play,Right Foot,Outside Box,Pass,0
0.7591330806590642,0.4776470060524582,0.16938477024697454,Open Play,Left Foot,Inside Box,Pass,0
0.6409373412829512,0.4057611235554357,0.1342463065898437,Set Piece,Head,Inside Box,Cross,0
0.6431475966048394,0.4034044947066037,0.13574143535494287,Open Play,Right Foot,,,0
0.6199624096861982,0.31176955154502733,0.12025871861998574,Open Play,Left Foot,,Pass,0
,,0.16972407885971055,Set Piece,Head,Inside Box,Cross,
0.2495936181746573,0.11169847844217307,,Open Play,Right Foot,Outside Box,Pass,0
0.47005868892590885,0.2394233903041917,,Open Play,Right Foot,Outside Box,Through Ball,0
,,0.16924750804679486,Open Play,Left Foot,Inside Box,,0
0.6456713308962735,0.3285935184965415,,Open Play,Right Foot,Inside Box,Pass,0
0.6465571864296495,0.44826882739867785,0.16909646597915112,Open Play,Left Foot,Inside Box,Through Ball,0
0.906604568085216,0.7474661862100489,0.2898454549556355,Open Play,Left Foot,Inside Box,Pass,1
0.3411029923176702,0.13177830512084088,0.05113336463781465,,Right Foot,Outside Box,Pass,0
0.8601783814322544,0.7786027162445107,0.30008179666332346,Open Play,Right Foot,Inside Box,Pass,1
0.6427179148446263,0.41948000548026754,0.13572623991701538,Open Play,Right Foot,Inside Box,Pass,0
0.8091946733399518,0.6072076107345847,0.19941910445899258,Open Play,Left Foot,Inside Box,Pass,0
0.5292306315338583,0.23868238045086873,,Open Play,Left Foot,Outside Box,Through Ball,0
0.24179872803152097,0.15288640969820694,0.06025892503127554,Set Piece,Head,Outside Box,Cross,0
0.22157747407638267,0.05127771713595114,0.021092235522178482,Open Play,Right Foot,Outside Box,Pass,
0.6428978484554018,0.41095631300600527,0.134635677525262,Open Play,Right Foot,,Pass,
0.28210438074799543,0.16150082884483907,0.06073605138710414,Open Play,Right Foot,Outside Box,Through Ball,0
0.8085677785531509,0.6809468930088634,0.2595453043609709,Open Play,Right Foot,Inside Box,Through Ball,
0.4699961472279969,0.3281290230129179,,Open Play,Right Foot,Outside Box,Pass,0
0.8091067067814277,0.6097585876011387,0.18043435691223975,Open Play,Right Foot,Inside Box,Pass,0
0.6475517657853573,0.44989949441158184,0.16992464459295736,Open Play,Left Foot,Inside Box,Pass,
0.5115204993574877,0.251855681941971,0.08948353723812759,Open Play,Right Foot,Inside Box,,0
0.830527024650479,0.6488969559363853,0.23929070713501482,Open Play,Left Foot,Inside Box,Pass,0
0.6435004634126567,0.43983397900041227,0.1497691544922136,,,Inside Box,Pass,0
0.3891687563116606,0.23206396221882986,0.1007535541862543,Open Play,Left Foot,Outside Box,Through Ball,0
,0.15282814283144058,,Open Play,Right Foot,,Cross,0
0.644739174871785,0.37937632529455545,0.0995610977908215,Open Play,Right Foot,Inside Box,Pass,0
0.8765420522544882,0.6799874970723069,0.2591922523726803,Open Play,Left Foot,Inside Box,Pass,1
0.48865380118057644,0.3003510496060462,0.10028791577871628,Set Piece,Head,Inside Box,,0
0.7579597608596479,0.7269254808366854,0.29018798372152527,Open Play,,Inside Box,Pass,1
0.9100876599663903,0.8085746207687396,0.3091388037275453,Open Play,Left Foot,Inside Box,Through Ball,1
0.8201486000933518,0.6095047682101099,0.20931522739000968,,Right Foot,Inside Box,Pass,0
,0.4055014075960124,,Open Play,Left Foot,Inside Box,Cross,0
0.3806690924562293,0.2218327683888532,0.08083593597629099,Set Piece,Head,Inside Box,Cross,0
0.9203561901852284,,0.3293438819523741,Open Play,Right Foot,Inside Box,Pass,1
0.32269792502241074,0.1989277222073663,0.0596645765614732,Open Play,Right Foot,,Pass,0
0.780576352983055,0.508396372654154,,Set Piece,Head,Inside Box,Cross,0
0.6453879020138448,,0.14085262789088143,Open Play,Left Foot,Outside Box,Through Ball,1
0.5585631845168754,0.28967885932479287,0.09956425059004265,Open Play,Right Foot,Inside Box,Pass,
,0.40697506635122327,0.13478918495724268,,Right Foot,,,0
0.5509656158832709,0.26047318485804993,0.07946963587960426,Open Play,Left Foot,Inside Box,Pass,0
0.7081384149181198,0.6389064233399416,,Open Play,Left Foot,Inside Box,Pass,1
0.6913758386307094,0.4692369032633972,,Open Play,Left Foot,Inside Box,,0
0.4301472496454708,0.25088631141851725,0.09065366902174482,Open Play,Right Foot,Outside Box,Pass,0
0.8979133261522994,0.8081269050190064,0.30955793371950013,Open Play,Right Foot,Inside Box,Pass,1
0.700037232961563,0.6080761913540936,0.2397241666832647,Open Play,Right Foot,Inside Box,Pass,
0.6443037911938799,,0.13438773422686018,Open Play,Right Foot,Inside Box,Pass,0
0.5111956832571982,0.27928327631595384,0.10073218445439278,Open Play,Right Foot,Inside Box,Pass,0
,0.4036034048118721,0.13498548438253485,Open Play,,Inside Box,Cross,
0.6602762995595752,0.45084712487958273,0.1346191349797884,Open Play,Right Foot,Inside Box,Cross,
0.6446680258885128,0.34813998788035017,0.11015208895630617,,Right Foot,,Cross,0
0.6437905070823841,0.4040922125872266,0.1351641769083842,Open Play,Right Foot,Outside Box,Pass,0
0.917551039737764,0.8077589220779329,0.3086455047355581,Open Play,Right Foot,Inside Box,Pass,1
0.7770582676638242,0.6695392601211755,0.2596206600821423,Open Play,Left Foot,Inside Box,Through Ball,
0.9499910570591032,0.9083967701290117,0.34997960768344477,Open Play,Left Foot,Inside Box,Pass,1
0.7794707314000809,0.5399491363085686,0.1802671704620279,Open Play,Left Foot,Inside Box,Pass,0
0.9368854616083215,0.9088505790604197,0.3490762443992367,Open Play,Left Foot,Inside Box,Through Ball,1
0.5807905526352982,0.40460767119240576,0.13432949621855464,Open Play,Left Foot,,Pass,0
0.5797854130203176,0.29000484986904684,0.09952252868345518,Set Piece,,Inside Box,,0
0.6080461482147874,0.2819710751208485,0.09970851942008332,,Right Foot,,,0
0.6436111738032186,0.40652715148354984,0.13477229567322208,Open Play,Right Foot,Inside Box,Pass,0
,0.6699329837205142,0.25931602167145273,Open Play,Left Foot,Inside Box,Pass,1
0.27076603865366256,0.11124564116947089,0.04095576766678362,,Head,Outside Box,Pass,0
0.8096451012419771,0.48166847957896225,0.14943797352208932,Set Piece,,Inside Box,Cross,0
0.26115719105116103,0.14268400915567647,0.05001642235438382,Open Play,Right Foot,Outside Box,Pass,0
0.8105707702859251,,0.19912524082247618,Open Play,Right Foot,Inside Box,,0
0.3922433350355764,0.23054849933195784,,Open Play,Left Foot,Outside Box,Pass,0
0.2521134629110146,0.13906032337455965,0.050688752974890505,Open Play,,Outside Box,Pass,0
0.6460281188735947,,,Open Play,Right Foot,,Pass,0
0.6463180994475654,0.28197761570657753,0.13444927771114035,Open Play,Left Foot,Inside Box,Cross,0
,0.40447406279635,0.12063861343448803,Set Piece,Head,Inside Box,Cross,0
0.6464455721414777,0.3205167749266653,0.10050960577314948,,Head,,Cross,
0.8977678905137279,0.7667766213890683,0.27969681852237016,Open Play,Right Foot,Inside Box,,1
0.8470358299072958,,0.2588485553402705,Open Play,Left Foot,Inside Box,Pass,1
0.24320439688902323,0.1109891241382962,0.04038918858828043,Open Play,,Outside Box,,0
0.5977970974806329,0.4612222172272929,0.1605298393353797,Open Play,Right Foot,Inside Box,Through Ball,1
0.9083145502694504,0.7184772935865809,0.2790808066870441,Open Play,Left Foot,Inside Box,Through Ball,0
0.3517888060770677,0.1701770847255631,0.07106351873952813,Set Piece,Head,Inside Box,Cross,0
0.6982414563239553,0.49167337185982385,0.19030650008721178,Open Play,Left Foot,Outside Box,Through Ball,1
0.7510863364088657,,0.17037967576230048,Open Play,Right Foot,Inside Box,Pass,0
0.8192836001023371,0.7190633419664583,0.2794146228617176,,Head,Inside Box,Pass,1
0.5402898514901934,,,,,Inside Box,,0
0.6306377268571213,0.33863397175009596,0.13005486799693633,Set Piece,Head,Inside Box,Cross,0
,0.350093607355055,0.11970955036969207,Open Play,Right Foot,Outside Box,,0
0.4892293952971999,0.36184444890854117,0.09030840824508717,Open Play,,Inside Box,,0
0.6493029232129668,0.40332848143147676,0.1348978441208968,Set Piece,Head,Inside Box,,0
0.33179157238091095,0.15919773016901972,0.06048864340660705,,Head,Outside Box,Pass,0
0.25928198035269134,,0.050696994476788965,Open Play,Left Foot,Outside Box,Pass,
0.8474296867699934,0.570397754005196,0.19923535308937973,Set Piece,Head,Inside Box,,
0.6429070622348426,0.6504780929484589,0.2597239980462593,Open Play,Left Foot,,Pass,1
0.5120339470436178,0.21182489794831796,0.06964630063189069,Open Play,Left Foot,Outside Box,Pass,0
0.7893873472704962,,,Open Play,Left Foot,Inside Box,Pass,0
0.4882898774591239,0.2111970836270485,,Set Piece,Head,Inside Box,Cross,0
0.40971805505203673,0.16166770750222687,0.06076258960443563,,Right Foot,Outside Box,,0
0.918859600565906,0.7694753045021536,0.2787789301160599,Open Play,Left Foot,Inside Box,Through Ball,0
0.6610926492510181,0.448853592096963,0.14937404672345742,,,Inside Box,Cross,0
0.269240527590377,0.15922750288637322,,Open Play,Left Foot,Outside Box,Pass,0
0.4016294607011295,0.20213164297024483,0.061154338092106936,Open Play,,Outside Box,Pass,0
0.8198135591718024,0.6089482804176365,0.1990634911854912,Open Play,Left Foot,Inside Box,,0
0.6449197619019633,0.39014283499855723,0.12084447574715129,Open Play,Left Foot,Inside Box,Pass,
0.8002772447255607,0.5497896816394884,0.19014100420951205,Open Play,Left Foot,Inside Box,Pass,0
0.788069194067496,0.44052170503090093,0.1801897249224541,Open Play,Left Foot,Inside Box,Pass,1
,0.23926725784864883,0.09044306617525345,Open Play,Left Foot,Outside Box,Through Ball,
0.850307353014335,0.7378588330070155,0.2894865308065592,Open Play,Right Foot,Inside Box,Pass,1
0.7691142234531034,,0.2502180066549531,Open Play,Left Foot,Inside Box,Through Ball,1
0.40934381361781463,0.20186926016773044,0.05976993922079682,Open Play,Left Foot,Outside Box,,
0.6309551813486619,0.3388584684074071,0.13575754574199578,Open Play,Right Foot,Outside Box,Pass,0
0.2800755198351647,0.2014278978471873,,Set Piece,,Outside Box,Cross,0
0.4809466911811626,,0.09974124142487738,Open Play,Right Foot,Inside Box,Pass,0
0.2195470708905377,0.10009998439814399,0.020050247338738836,Open Play,Right Foot,Outside Box,Pass,0
0.39106200049415896,0.23049893639917926,0.09035365982457956,Open Play,Left Foot,Outside Box,Through Ball,0
0.8988462365189978,0.776698833565588,0.30016393013965176,Open Play,,Inside Box,Cross,1
0.509039472196907,0.40345018771193386,0.13575174620378808,Open Play,Right Foot,Outside Box,Pass,0
0.6455757679056511,0.4046087267795771,0.13538621094885495,Open Play,Left Foot,,Pass,0
0.6476991540906978,,0.19917898708784038,Open Play,Left Foot,,Through Ball,1
0.4106443375757374,0.2316176464479613,0.08104326991883136,,Head,Inside Box,,0
0.5292648639234856,0.2820190105061785,0.09030020159426419,,Right Foot,Inside Box,Pass,0
0.8084415695799103,0.5100299290087875,0.1906295509018497,Open Play,Right Foot,Inside Box,Cross,
0.33928638779448383,0.17998201041210715,0.06980945709324281,Open Play,Left Foot,,Pass,0
0.6989591836783495,0.40592196664776864,0.1497006642742638,Open Play,Left Foot,Inside Box,,0
0.8675148365932714,0.6784559572177367,,Open Play,Left Foot,Inside Box,Through Ball,
0.8305953389821874,0.7194963784066233,0.2798752182034308,Open Play,Left Foot,Inside Box,Through Ball,1
0.5399196359900925,0.24000788730509023,0.09028491314202676,Set Piece,Head,Inside Box,Cross,0
0.9481272415113067,0.9076860313134885,0.34920081296891486,Open Play,Left Foot,Inside Box,Through Ball,1
,0.7786985069563304,0.28892114083637926,Open Play,Right Foot,Inside Box,Through Ball,1
0.7411082384869785,0.5099386936762539,0.17948857089040632,Open Play,Right Foot,Inside Box,Pass,0
0.8472978058543301,0.6400412708036071,0.2490754661542779,Open Play,Right Foot,Inside Box,Cross,0
0.3021503597352105,0.1489861860642287,0.06096958102166272,Set Piece,Head,Inside Box,,
0.7508237405309255,0.6771139676423064,0.2595826731817824,Open Play,Right Foot,Inside Box,Through Ball,1
0.5181483703226955,0.3598767298361283,,,,Outside Box,Pass,0
,0.20148423916116215,,Open Play,Right Foot,Outside Box,,0
0.6432869729010497,0.40552198271680945,0.13019824862696283,Open Play,,Outside Box,Pass,0
0.5683162471544472,0.371924274864038,0.12029314405200768,Open Play,Right Foot,Inside Box,Pass,0
,,,Set Piece,,,Cross,0
,0.4895197760916126,0.16915472045076102,Open Play,,Inside Box,Pass,0
,0.5586543157769371,0.19920487937218315,Open Play,Left Foot,Inside Box,,1
0.7408747555558091,0.5204717532225034,0.19904282296350184,Open Play,Left Foot,Inside Box,,0
0.2717276778616504,,0.04975128389522922,Open Play,Right Foot,Outside Box,Pass,0
0.9269036579568999,0.8485086304492335,0.3291805753115883,Open Play,Right Foot,Inside Box,Through Ball,1
0.9191306563794235,0.8390751282675855,0.3197957017235855,Open Play,Right Foot,Inside Box,Pass,1
0.6801363651769448,0.405641055259921,,Open Play,Left Foot,Inside Box,Pass,0
0.6453128981523102,0.41956727538300104,0.13536057559601303,Open Play,Right Foot,Inside Box,Pass,0
0.6461793284222314,,,Open Play,Right Foot,Inside Box,Cross,0
0.6426585069107197,0.4059581554034733,0.11975580329994055,Open Play,Right Foot,Inside Box,Cross,0
0.6109192034973502,0.33123063509139306,0.10081405959026005,Set Piece,Head,,Cross,0
0.41049450499868145,,0.11019372213810932,Open Play,Right Foot,Outside Box,Through Ball,0
0.6381212810631648,0.34914149530855365,0.12989744196841918,Open Play,Right Foot,Inside Box,Pass,0
0.8573344769235202,0.7375578119543792,0.2891776381338508,Open Play,Left Foot,Inside Box,Pass,1
0.6690371544320682,0.5403922300548915,0.19898567115848254,Open Play,Right Foot,Outside Box,Pass,1
0.25242759312678925,0.10184210670406618,0.02085281357470936,Open Play,,Outside Box,Pass,0
0.8099971024556327,0.6495968947151484,0.2400949492785392,Open Play,Left Foot,Inside Box,Pass,1
0.6433081305118249,0.4033458665312352,0.13921303930553425,Open Play,Left Foot,,Pass,0
0.33983308340314394,0.15131217628680038,0.05102517669941206,Set Piece,Head,Inside Box,Cross,0
0.6447231758281632,0.44127373565046507,0.1356711926938776,Open Play,Right Foot,Inside Box,,0
0.9170371605094036,0.747209440671027,0.28009463189103795,Open Play,Left Foot,Inside Box,Pass,0
0.9499455470446412,0.8366802771738875,0.3496586141304269,Open Play,Right Foot,Inside Box,Pass,1
0.34109440236746996,0.1526374939126321,0.060275615358565446,Open Play,Right Foot,Outside Box,Pass,0
0.7889421299714352,0.4806622073257413,0.15037028850803746,Open Play,Left Foot,Inside Box,Pass,0
,0.15224914566366066,0.06054095380542002,Open Play,Right Foot,Outside Box,Pass,0
0.8279710616743653,0.6697182032707539,,Open Play,Left Foot,,Pass,1
0.32049822607204903,0.20082819762117138,0.0707974274886111,Open Play,Left Foot,Outside Box,Pass,0
0.3224015879132532,0.2413744111148713,,Open Play,Left Foot,Outside Box,Through Ball,0
0.826901904080917,0.5583445236110307,0.17953036103754433,Open Play,Right Foot,Inside Box,Pass,0
0.6980415738192728,0.40373171285296094,0.16045810629094392,Open Play,Left Foot,Inside Box,,0
0.6604442141330694,0.4048654951051827,,,,Inside Box,Cross,0
0.7592050135081161,0.5285568545045913,0.18920214545571107,,Right Foot,,,
0.8688622206615448,0.7082391985390233,0.25964948115843034,Open Play,Left Foot,Inside Box,Pass,1
0.8904134151367292,0.7400277566164055,0.2800721126063456,Open Play,Left Foot,Inside Box,Pass,1
0.3510345144783373,0.2302800902895109,,Open Play,Right Foot,Outside Box,Pass,0
,0.7978838893897956,0.2994757982097484,Open Play,Left Foot,Inside Box,Pass,
0.827093308347902,0.4986424200585806,0.18991939746215675,Open Play,Left Foot,Inside Box,Pass,
0.3801222051884142,0.30148260656178705,0.10982904017656202,Set Piece,Head,Inside Box,Cross,0
0.4287291457318166,0.19892113807195302,0.07035897401218949,Open Play,Left Foot,Outside Box,Pass,0
0.6436135156342537,0.4064541090971058,0.1346411776555951,Open Play,Right Foot,Inside Box,Pass,0
0.6693274683698124,,0.2389805141406653,Open Play,Right Foot,Inside Box,Through Ball,1
0.5082514717723062,0.3091443145429217,0.11076829150981084,Set Piece,Head,Inside Box,Cross,0
0.3109836112289842,,0.05033101815658807,Set Piece,Head,Inside Box,Cross,0
0.5205041366918558,0.3021831156921492,0.09996700712836298,,,,,0
0.7002084090141675,0.6395608377713354,0.17977864302119206,Open Play,Left Foot,Inside Box,Pass,
,0.6595349281547117,0.25035435656722954,,,Inside Box,,0
0.47852720389918263,0.2805082209215849,0.10019240066147553,Open Play,Left Foot,,Pass,0
0.32042407966495967,0.2311146516325224,0.09043556359976909,Open Play,Left Foot,Outside Box,Pass,0
0.7385227687341422,0.4609985124097856,0.15946553352207607,Set Piece,Head,Inside Box,Cross,
0.9080208037966327,0.807836276016475,,Open Play,Left Foot,Inside Box,Through Ball,
0.6108670211722157,0.3786215138008512,0.12999555450453487,Open Play,Left Foot,Outside Box,Pass,0
0.6880309121421487,,0.13998777198401852,Open Play,Left Foot,Inside Box,Pass,
0.29164258848780444,0.1407578104257709,0.05055674033045207,,Head,Outside Box,,0
0.6081726073744612,0.40380128747085264,0.135594324369602,Open Play,Right Foot,Outside Box,,0
,0.34963140231955664,,Open Play,Left Foot,Inside Box,Through Ball,0
0.6432376696459748,0.4044653878074737,0.13535911841901163,Open Play,Right Foot,,Cross,0
,0.22198299442819683,,Open Play,Right Foot,Outside Box,Pass,0
,0.3323084160768096,0.11010059902817003,Open Play,Left Foot,Outside Box,Through Ball,0
0.8782706954756849,0.6890949730251239,0.270034570637673,Open Play,Left Foot,Inside Box,Cross,1
,0.2516018235768951,0.07980910166380516,Open Play,Right Foot,Inside Box,Pass,0
,0.440411016873624,,Open Play,Left Foot,Inside Box,Pass,0
0.897217182235566,0.7469183154038403,0.29997907786114764,Open Play,Left Foot,Inside Box,Through Ball,1
,0.13935386585227216,0.051136197768340816,Open Play,Left Foot,Outside Box,Pass,0
0.8481144885199491,,0.29951658722089636,Open Play,,Inside Box,Through Ball,
0.7673472270986458,0.541235585643672,0.19944925113868622,,Right Foot,Inside Box,Pass,1
,,0.13579825466646514,Open Play,Left Foot,Inside Box,,
0.4800236505860176,0.17182402463993013,0.06985882512086282,,,Outside Box,Pass,0
0.22269036700207528,0.11116604554844212,0.05026294470535622,Set Piece,Head,Outside Box,,0
0.30002123818084386,0.18900230233976426,0.08092406815049369,Open Play,Right Foot,Outside Box,Pass,0
0.549095809735974,0.4041175264857886,0.13457257228360342,Open Play,Left Foot,Outside Box,Through Ball,0
0.5605944540473492,,0.13465233790596542,,Right Foot,,Pass,0
0.890291669450468,,0.3200183927724326,Open Play,Right Foot,Inside Box,Pass,1
,0.21248723372626968,0.08091053656562268,Open Play,Left Foot,Outside Box,Pass,0
,0.48089177607941475,0.1896753366373996,Open Play,Left Foot,,Through Ball,0
,0.6687556719594281,,Open Play,Left Foot,Inside Box,Pass,1
0.6013997944125283,0.2995883702266327,0.10006330609297204,Set Piece,Head,Inside Box,Cross,0
0.6461471779402832,,0.1295112934939448,Open Play,Left Foot,Inside Box,,0
0.5382027962408262,0.309200909722121,0.09985650897035475,,,Outside Box,,0
0.4604733649214863,0.3115656451657549,0.1304574370600494,Open Play,Left Foot,Outside Box,Pass,0
,0.4061795090298214,0.13570527556177744,Open Play,Left Foot,Inside Box,Cross,0
0.6426391406040162,0.4041162813004694,,Open Play,Right Foot,Inside Box,Through Ball,0
0.7602281310225179,0.5580203234101232,0.18906537043729832,Open Play,Left Foot,Inside Box,Pass,0
0.47115149589743455,0.20041285043221677,0.08075282363442489,Set Piece,Head,Inside Box,Cross,0
0.5484859421571697,0.40632735187821384,0.13424575159096946,Open Play,Right Foot,,Pass,0
0.9387083385223065,0.9085107771109138,0.35,Open Play,Left Foot,Inside Box,Pass,1
,,0.09039803686355863,Open Play,Left Foot,Inside Box,Pass,0
0.918312448173265,0.7701131161790328,0.2793549544200534,Open Play,Left Foot,Inside Box,,0
0.6446199105168208,0.4697327291905319,0.1505425547563786,Set Piece,Head,Inside Box,Pass,1
0.6514994085014496,0.6588822851517705,,Open Play,,Outside Box,Through Ball,1
0.5418364562444561,0.4040515890657235,0.13460656926450576,Open Play,Right Foot,,Through Ball,
0.59152451596871,0.24249381554641164,0.07030348344556925,Set Piece,Head,Inside Box,Cross,0
0.5716259716792875,0.40655960093759314,0.13578073795520318,Open Play,Right Foot,Outside Box,Through Ball,0
0.41139995312279776,0.2317546222855966,0.0799436477688178,Open Play,Right Foot,Inside Box,Pass,0
0.6985159996731374,0.46037519145467776,,,Right Foot,Inside Box,Cross,0
0.6700713544121202,0.40648996465953374,0.13456333320266395,Open Play,Left Foot,Inside Box,Through Ball,0
0.9172603516543585,0.810205257811744,0.3186064444754281,Open Play,Left Foot,Inside Box,Pass,1
,0.2701572414587286,0.09012501088549546,Open Play,Left Foot,Inside Box,Cross,0
0.5096494734909169,0.27959399035149096,0.10057156009728369,Open Play,Right Foot,Outside Box,Pass,0
0.9475355062139093,0.9088697396949685,0.34980611218775126,Open Play,Right Foot,Inside Box,,1
0.8968677507136658,0.7903499527533817,0.279963613165652,Open Play,,Inside Box,Pass,
0.9195514765446839,0.7994729439121977,0.31012321068881343,Open Play,Left Foot,Inside Box,Pass,1
0.7677234456635762,0.48056307539622384,0.14058479320489656,Open Play,,Inside Box,Pass,0
,,0.08069473303526277,,Head,Inside Box,Cross,0
0.6214775510331433,0.2805607417101347,,Open Play,Left Foot,Inside Box,Cross,0
0.6415070107139295,0.3781150724095627,0.13077772220082085,,Right Foot,,Pass,
0.398764419218054,0.1723232993582436,0.060352201636524605,Open Play,Right Foot,Outside Box,Pass,0
0.8793206586403255,,0.24976238405942947,Open Play,Right Foot,Inside Box,Pass,0
0.9376612751078002,0.8383982026321727,0.3195958333668652,Open Play,Left Foot,Inside Box,Pass,1
0.8778930986325024,0.769224890689314,0.27981939833584035,Open Play,Right Foot,Inside Box,Pass,1
0.6425640584554796,0.40033989163332684,0.10991536411187214,Open Play,,Inside Box,Pass,0
0.5196649450904708,0.40362887020889654,0.1356574571236913,Open Play,Left Foot,,Through Ball,1
0.23974443515613725,0.10135736128823175,0.03979600328638323,Open Play,Right Foot,Outside Box,Pass,0
0.3706159428750451,0.23146971768721314,0.10098084345371813,,Right Foot,Outside Box,Pass,0
0.8168299463082969,,0.25042504922690745,Open Play,Right Foot,Inside Box,Pass,1
0.8295740311163324,0.6686412662402185,0.25940016405913263,Open Play,Left Foot,Inside Box,Pass,0
0.8677055087727653,0.7200231509877992,0.28875267762698437,Open Play,Right Foot,Inside Box,Through Ball,1
0.4015695058366421,0.26907298659989,0.1008285547765462,Open Play,Right Foot,Outside Box,Pass,0
0.6455943733476553,0.40572927840435363,0.13538757936774318,,,,Cross,0
0.2792187320750547,,0.06061557207062494,Open Play,Right Foot,Outside Box,Pass,0
0.907158204266054,0.7981995003619005,0.30892228816205936,Open Play,Left Foot,Inside Box,Pass,1
,,0.040443252999480414,Open Play,Right Foot,Outside Box,Pass,0
0.22217572972716,0.11071550548321152,0.04046204015154721,Open Play,,Outside Box,Pass,
,0.26020680510129346,,,Right Foot,Outside Box,Cross,0
0.645065901291528,0.2608083905971009,,Open Play,Right Foot,Inside Box,Cross,0
0.740148260443658,0.4408419852141589,0.13506617797027218,,Right Foot,,Pass,0
0.6910367312433485,0.4117254596666007,0.13422593486844078,,Right Foot,,Pass,0
0.7791747052161827,,0.25004069238059956,Open Play,Left Foot,Inside Box,Pass,1
0.6456084389636737,,0.1354472008637412,,Right Foot,Inside Box,Pass,1
0.3801878007019024,0.19138430018208963,0.0704252628430992,Open Play,Right Foot,Outside Box,Pass,0
0.8681566079094536,0.7481933286635696,0.29941944319776537,Open Play,Left Foot,Inside Box,Pass,1
0.7673588560313223,0.507849126980558,0.17950471954066735,Open Play,Right Foot,Inside Box,Pass,0
0.5221047326555672,0.3001207228365323,0.1002631452520314,Set Piece,Head,Inside Box,Cross,0
0.5309086609446533,0.2907441180475339,0.11075676422320264,Open Play,Left Foot,Outside Box,Pass,0
0.8786167781843578,0.7694232508289529,0.2797958557005739,Open Play,Right Foot,Inside Box,Through Ball,1
0.8566637140432608,0.7068403361957314,0.2697006761204365,Open Play,,Inside Box,Pass,
0.569910596892284,0.27154515571068294,0.09019557400076252,Set Piece,Head,Inside Box,Cross,0
0.5091806018049394,0.23202230462645865,0.08993772375404087,Set Piece,Head,Inside Box,Cross,0
0.480746370339031,0.30140700564625,0.100083810357612,,,Outside Box,Cross,0
0.508702948690154,0.4066580943417924,0.10958319765958607,Open Play,,Inside Box,Pass,0
,0.47882540416708597,0.17041981986250238,Set Piece,Head,Inside Box,Cross,0
,0.2297099819265276,0.09077198419959033,Open Play,,Inside Box,Pass,0
0.2507490250672092,,0.060035326738697464,Open Play,Left Foot,Outside Box,Pass,0
0.7784391231161116,0.5082956767237582,0.19906779346014825,Set Piece,Head,Inside Box,Cross,0
0.7777875711375277,0.6906171377136033,0.2787990650394737,Open Play,Left Foot,,Pass,1
0.4002315136839058,,,Open Play,Left Foot,Outside Box,Pass,0
0.6094813155338171,0.33231798474103136,,Open Play,Left Foot,Inside Box,Pass,0
0.9189738643425804,0.7780815375889063,0.29003676030241043,Set Piece,,Inside Box,Cross,0
,0.403686959304404,,,Right Foot,Inside Box,,0
0.7894106081304981,0.6470025542888944,0.23958158511164426,Open Play,Left Foot,Inside Box,Through Ball,0
,0.42041266199154775,0.13454971619432504,Open Play,Right Foot,Outside Box,,
,,0.07040283645724896,Open Play,Right Foot,Outside Box,Pass,0
0.39158093228960167,0.17034496545468814,,,Head,,Pass,0
0.659322188221238,0.4061275371969708,0.13451406802128044,Open Play,Left Foot,Inside Box,Cross,0
0.6180194949264037,0.39937255060343757,0.13577089356262917,Open Play,Right Foot,Inside Box,Through Ball,0
0.7287651844504411,0.4289911756908725,0.13956052919469736,,Right Foot,Inside Box,Pass,0
0.8971460961639339,0.7397749442158481,0.2998884701190335,Open Play,Left Foot,Inside Box,Through Ball,1
0.6457125338151066,0.40041195363066245,0.1299509982329036,Open Play,Left Foot,,,0
0.920196218822789,0.8482378939715938,,Open Play,Right Foot,Inside Box,Pass,1
0.7474672050751837,0.4498785375782746,0.1800843941443999,,Right Foot,Inside Box,,0
,0.6675113680500033,,Open Play,Left Foot,Inside Box,Cross,0
0.6308501533060888,0.4035854569349769,,Open Play,Left Foot,Outside Box,Through Ball,
0.22287358291893805,0.11222026248312467,0.04114752244207055,Set Piece,Head,Outside Box,,0
0.11159081360889322,0.052357731612332425,0.02090333752574483,Open Play,Right Foot,Outside Box,,0
0.49816989767804587,,0.1306351470462595,Open Play,Right Foot,,,0
0.27152627545275,0.14204066449739633,,Open Play,Left Foot,Outside Box,Through Ball,0
0.8288047361728921,,0.2488946287922716,Open Play,Right Foot,Inside Box,Pass,1
0.2709883955729639,0.16056406556618308,0.06050067898441641,Open Play,Right Foot,Outside Box,Through Ball,0
0.9094716989625079,0.6886525236649532,0.25924108243819743,Open Play,Left Foot,Inside Box,Pass,0
0.9002139547443039,0.7672946897302408,,Open Play,Left Foot,Inside Box,Through Ball,1
0.3017826381494297,0.14960138170982717,0.05050808852845526,Set Piece,Head,,Cross,0
0.7793052300073247,0.5576791111837303,,Open Play,Left Foot,Inside Box,Pass,0
,0.18985452263190003,,Open Play,Right Foot,Outside Box,,0
0.28014044977280406,0.14925306163813035,0.06110996080931061,Open Play,Left Foot,Outside Box,Pass,0
0.669572144688521,0.31942720162318644,0.13442560948082005,Open Play,Left Foot,Inside Box,Cross,0
0.6460113066017715,,0.11983616725503926,Open Play,Right Foot,Inside Box,Pass,0
0.7383060681423694,0.530610921497192,0.18906394549309818,Open Play,Right Foot,Inside Box,Pass,1
0.3006157049874084,,0.04022469090133077,Set Piece,Head,Inside Box,Cross,0
,,0.25934337900678295,Open Play,Right Foot,Inside Box,Pass,
0.8002390970059335,0.6602370454453206,0.24901873963193139,Open Play,Left Foot,Inside Box,,1
,0.669197064027691,0.24999213437965084,Open Play,Left Foot,Inside Box,Through Ball,0
0.849329943556858,0.666989381125245,,Open Play,Left Foot,Inside Box,Cross,0
0.28055132540169586,0.11148889247183635,0.04048001654235417,Set Piece,Head,Inside Box,Cross,0
0.9464499881705164,,0.3484924930063348,Open Play,Right Foot,Inside Box,Through Ball,1
0.5020540161255154,0.36847881133393157,,Open Play,Right Foot,Outside Box,Through Ball,0
0.6385698418909025,0.30178991827362056,0.10077359472653483,,Right Foot,,Cross,0
,,0.1107575246071936,Open Play,Right Foot,Outside Box,Pass,0
0.551647195367015,0.33899542599217847,0.12927577010472946,Open Play,Right Foot,Inside Box,Pass,0
0.6444296318941268,0.40407603140550197,0.13084800446947803,Open Play,Right Foot,Outside Box,Pass,0
0.6481047274186846,0.3899273954424071,0.10082996801920853,Open Play,Right Foot,Inside Box,Pass,
0.7571904865264203,,0.2002224402771357,Open Play,Left Foot,Inside Box,Pass,0
0.5407816903067831,0.23208139324158977,0.07048884677586836,Open Play,Right Foot,Inside Box,Cross,0
,0.4889110282176273,0.17055464673376675,Open Play,Right Foot,Inside Box,Pass,0
0.8506541543463145,0.7269131711969894,0.2791704047506196,Open Play,Left Foot,Inside Box,Through Ball,1
0.8793263292687923,0.7974126710650967,0.3000812195547876,Open Play,Right Foot,Inside Box,Pass,
,0.32929768316883506,,Open Play,Right Foot,Inside Box,Pass,0
0.6450373826647928,0.3602100124476722,0.10035827672496953,Open Play,Right Foot,,Pass,0
0.6439334553992496,,,Open Play,Right Foot,Inside Box,Cross,0
,0.5575766988871846,0.18991914261166765,Open Play,Left Foot,Inside Box,,0
0.6512528404285206,0.4095311084131598,0.13453861787194651,Open Play,Right Foot,Outside Box,Pass,0
0.4619830526003148,0.19892859798520465,0.07020301429190103,Open Play,Right Foot,Outside Box,,0
,,0.1994107153493101,,,Inside Box,Pass,0
0.9089394099527184,0.8175491176309193,0.3187643945689843,Open Play,Left Foot,Inside Box,Pass,1
0.8778653321899968,0.8105164801408257,0.3090517449088437,Open Play,Right Foot,Inside Box,Through Ball,1
0.6465131428763891,0.4891375925751935,0.15018425355620174,Open Play,Right Foot,Inside Box,Through Ball,
0.7203243828357424,0.6384109294035344,0.23952489992228504,Open Play,Left Foot,Inside Box,Through Ball,1
0.5218448509643775,0.31144687116986164,0.13082231113190432,Open Play,Left Foot,Outside Box,Pass,
,0.1590502047903536,0.05978892710858216,Set Piece,,Inside Box,Cross,0
0.7597354630622736,0.5408068345613433,0.2003887618817718,,,Inside Box,Pass,
0.747379913961551,0.4807929032440861,,Open Play,Left Foot,Inside Box,Pass,0
0.9194572407183061,0.7872286579720948,0.31018476553130575,Open Play,Right Foot,Inside Box,Pass,1
0.43072621685772683,0.26924705054999043,0.1101207028877714,Open Play,Right Foot,Outside Box,Pass,0
0.7673510913186077,0.44142576476906026,0.13530461595474322,Set Piece,,Inside Box,Cross,0
,0.10197777955742171,0.039732302826596205,Open Play,Right Foot,Outside Box,Through Ball,0
0.9383126694842692,0.8376539954688771,0.31878681491881056,Open Play,Left Foot,Inside Box,Pass,1
,0.20259496423589532,0.07092583162036077,Open Play,Right Foot,Outside Box,Pass,
,0.16282827960231594,0.0606565510761288,,,Outside Box,,0
0.6463435649515865,0.369374521562256,0.1307769990729748,,Head,,Cross,0
0.621137036356868,,0.13571865181667944,Open Play,Left Foot,Outside Box,Pass,0
0.6429165300243759,0.40558761815177663,0.13575168517688094,Open Play,,,,0
0.6461943561102395,0.41857843446875304,0.13486663068616997,,,Outside Box,Pass,0
0.7973813531748468,0.6707038741105025,0.27011258685400225,Open Play,Left Foot,Inside Box,Through Ball,1
0.747945446915398,0.5283677193350853,,Open Play,Left Foot,Inside Box,Pass,1
,0.399180156538859,0.1345628699097904,Open Play,Right Foot,Outside Box,Through Ball,0
0.6437476481338781,0.46807442259736914,0.150506266242987,Open Play,Right Foot,Inside Box,Pass,0
0.6439243584543225,0.40300318217534703,0.12972352616589175,Open Play,Left Foot,Inside Box,Pass,0
0.6454212932544252,0.4600331025479272,0.17029971709994923,Set Piece,Head,Inside Box,Cross,1
0.7276108749676591,0.4887805115905638,0.17927308228024091,Open Play,Left Foot,,Through Ball,
0.6105453169711491,0.33843480139318244,0.10050165715470796,Open Play,Right Foot,Inside Box,,0
,,0.24039348041732778,Open Play,Right Foot,Inside Box,Pass,1
,,0.11076816237834919,Set Piece,,Inside Box,Cross,0
0.641323556303403,0.40621441577183265,0.1344133653920731,Set Piece,Head,Inside Box,Cross,0
0.4689934536962,,,,,,Cross,0
,0.40548415272036603,0.12967878664994373,Open Play,Right Foot,,Pass,0
0.645327932900639,0.40312553362629827,,Set Piece,Head,Inside Box,Cross,0
0.23954429876923972,0.09986570526065869,,Open Play,Right Foot,Outside Box,Through Ball,0
0.2498894974801259,0.12019174265543531,,Open Play,Right Foot,Outside Box,Pass,0
0.7111313452447536,0.41797959429527076,0.15024550174730145,Set Piece,Head,Inside Box,Cross,
0.9185917466742228,0.8195107249702803,0.31968592153745357,Open Play,Left Foot,Inside Box,Pass,1
0.6440078083928633,0.4064545517171882,,Open Play,Left Foot,,Pass,
0.7599427764597917,,0.23931101476290612,Open Play,Left Foot,Inside Box,Pass,0
0.6463825632974801,0.4053641410579866,0.13471320797003303,Set Piece,Head,Inside Box,Cross,0
0.43006029923387357,0.2097667972161615,0.06994370977555962,,,Outside Box,,0
0.7504535997139901,0.4776715812038852,0.1791882816275587,Open Play,Right Foot,Inside Box,Pass,0
0.7304941550649959,0.46155983577598925,0.1403007813758652,,,Inside Box,,0
0.2807848990453958,0.1517507905101141,0.05053985877722353,Open Play,,Outside Box,Pass,0
,,0.05058070839973444,Open Play,Right Foot,Outside Box,Pass,0
0.7609115771261004,0.5103347848989266,0.1796747499177623,Open Play,Left Foot,Inside Box,,
0.39984586383537746,0.17206327810945526,0.05957862385625984,Open Play,,Inside Box,Pass,0
0.7480183829158945,0.45041085181913126,,Open Play,Left Foot,Inside Box,Through Ball,0
0.889406900684446,0.7301877292101847,0.2902182495772192,Open Play,Left Foot,Inside Box,Pass,1
0.6439873750770044,0.3695324330606321,0.1293935971988641,Open Play,Left Foot,Outside Box,Pass,0
0.9471277285157178,0.84953954704455,0.33008320817338055,Open Play,Right Foot,Inside Box,Pass,1
0.609654107793088,0.4043202381825186,0.1346787818776926,Open Play,Left Foot,Inside Box,Pass,0
,0.4051022048092228,0.14066736011636916,Open Play,Left Foot,Inside Box,Cross,
0.3419296144109501,0.16050924729859256,0.06076048214539473,Open Play,,Outside Box,Pass,0
0.38048806214065334,0.2588753498984252,0.10084164695692395,Set Piece,Head,,Cross,0
0.3308083333400785,0.19063638742783126,,Open Play,Right Foot,Outside Box,Pass,
0.25142417968198394,,0.06088389314308121,Open Play,Right Foot,Outside Box,Pass,0
0.3988283896890493,0.21101796357077895,0.07953329996539042,Open Play,Left Foot,Outside Box,Pass,0
,0.8397314515936108,0.3293202818978914,Open Play,Left Foot,Inside Box,Through Ball,1
0.30264459717621095,0.17104669478758794,0.06976472477132419,Open Play,Left Foot,Outside Box,Pass,0
0.7175578677224298,0.5210610389343957,0.1905938821404638,Open Play,Right Foot,Inside Box,Pass,0
0.8790974475638613,0.7369958719515849,0.2787211779619482,Open Play,Right Foot,Inside Box,Pass,1
0.5995049715611396,0.34812274398970533,0.11072918247967102,Set Piece,Head,Inside Box,Cross,0
0.5013647526964218,0.26005735351365045,0.08102571765042076,Open Play,Left Foot,Inside Box,Pass,0
0.8275354414153804,0.6701425113706088,0.24030747942235173,Open Play,Right Foot,Inside Box,,
0.2706887160695733,0.17092507344121122,0.07096039013027827,Open Play,Right Foot,Outside Box,Pass,0
0.6775729573173029,0.35828704787730503,0.13441839475105088,Open Play,Left Foot,Inside Box,Cross,0
0.818091465105949,0.528405308365807,0.13949753700564776,Open Play,Right Foot,Inside Box,Pass,0
0.8786588245681218,,0.31929107953616664,Open Play,Left Foot,Inside Box,Through Ball,
0.6013121164627449,,0.09056246806713864,Set Piece,,Inside Box,Cross,
0.8779395172855493,0.7879419312494311,0.2996606428518558,Open Play,,Inside Box,Pass,1
0.8268119378162827,,0.27915461450059587,Open Play,Right Foot,Inside Box,Pass,1
0.6984831521770065,0.4198371217913619,0.13474639166152402,Open Play,Left Foot,Inside Box,Through Ball,0
0.6885496349595961,0.4679220030802752,0.16988615766293266,Open Play,Left Foot,Inside Box,,0
0.279294395089942,0.16138384393953148,0.050023945853802196,Set Piece,Head,Inside Box,,0
0.8470664593627661,0.7494115430347399,0.2897746032752385,Open Play,Right Foot,Inside Box,Pass,1
0.44999263058741656,0.282130295170899,0.09001484304028229,Open Play,Right Foot,Outside Box,Pass,0
0.6005696621930804,,0.11061017055750991,Open Play,Right Foot,Outside Box,Cross,0
0.6456566919103357,,0.15937463767188423,Open Play,Right Foot,Outside Box,Through Ball,1
,,0.2498483106749692,Open Play,Left Foot,Inside Box,Pass,0
0.889659214290989,0.6676446015376795,0.24986696480662154,,Right Foot,Inside Box,,0
0.5699398423989434,0.29017025858627377,0.0907826133278079,Open Play,,Inside Box,,0
0.928312931217845,0.8372660911144698,0.31875648237300513,Open Play,Left Foot,Inside Box,Pass,
0.8493832522590842,0.5177563391966963,0.18901592717853014,Open Play,Left Foot,Inside Box,Cross,
,,0.051001637053982835,Open Play,,,Pass,
0.8899151346737875,0.7885680980705655,0.29922492142031487,Open Play,Right Foot,Inside Box,Pass,1
0.896664872796527,0.8371576809307053,0.31975000768760303,Open Play,Left Foot,Inside Box,Pass,1
0.7608897302369748,0.4684431375404468,0.16997195523603018,Open Play,Right Foot,Inside Box,Pass,0
0.8672201347638594,0.7092429374975571,0.2598474149027571,Open Play,Right Foot,Inside Box,Through Ball,1
0.6375489387662326,0.4045351023067991,0.13463970993581648,Open Play,Left Foot,,Pass,0
,,0.06038135382655109,,Right Foot,Inside Box,Cross,0
0.31157737316863104,0.13957535390830234,0.05086783896282078,,Right Foot,Outside Box,Cross,0
0.5087513274576061,0.3096599961660684,0.12972239612784037,Open Play,Right Foot,Outside Box,Pass,0
,0.4034187603951843,0.13439024919222936,Open Play,Left Foot,,Pass,0
0.6698137754044943,0.46886624241965996,0.16984568394488364,Open Play,Left Foot,Inside Box,Pass,1
0.7008176348145152,0.5607893981676373,0.23944990005977543,Open Play,Right Foot,,Pass,1
0.6426742427146088,0.40594294982718576,0.12087928704557424,Open Play,,Inside Box,,0
0.7777291429152251,0.537725274458219,,Open Play,Left Foot,Inside Box,Pass,1
0.3797035566103102,0.20926059323026103,0.08000849407634565,Open Play,Right Foot,Outside Box,Through Ball,0
0.38046655958736014,0.18043431897329423,0.07101583093915652,Set Piece,Head,Inside Box,Cross,0
0.7289284967922711,0.4306314179817591,0.13444471335306452,,,Inside Box,Cross,
0.7097586454073782,0.4799779126818039,0.17036491159587003,Open Play,Left Foot,Inside Box,Pass,0
,0.9066454293097201,0.34981586988047814,Open Play,Right Foot,Inside Box,Pass,1
0.5692049919557216,0.37149523744103036,0.13016124466849135,Open Play,Right Foot,Outside Box,Pass,0
0.645140321044582,,0.13039705340814134,Open Play,Right Foot,Outside Box,Pass,0
,0.11066453077938998,0.04015417904474447,Open Play,Right Foot,Outside Box,Pass,0
0.9001168608096957,0.7278132542459185,0.27878731983339855,Open Play,Left Foot,Inside Box,Pass,
0.6999065930774631,0.5380045450162696,0.2099980268956103,Open Play,Left Foot,,Through Ball,0
0.27237688190368664,0.1528149364492909,0.06096965927653414,Open Play,Right Foot,Outside Box,Through Ball,0
0.6427699934878017,0.40474023418943916,0.13435389537380343,Open Play,Right Foot,Outside Box,,0
0.7577212784214827,0.40455718349802744,0.17017828794445192,Open Play,Left Foot,Inside Box,Cross,0
,0.6109781226835624,0.20060770439273135,,Right Foot,Inside Box,Cross,0
0.489555751741628,0.250780712147026,0.0809680279015456,,Head,Outside Box,,0
0.6437076074700799,0.40444639965323476,0.13999841668404275,Open Play,Left Foot,,Pass,0
0.7796423316098817,0.520609298861228,0.18944710067874868,Open Play,Left Foot,Inside Box,Through Ball,1
,,0.08975686076172011,Open Play,Right Foot,Outside Box,Pass,
0.6429482987740711,0.5306632976181564,0.18912255977889036,Open Play,Left Foot,Inside Box,Pass,1
0.758178106729199,0.44850361900732966,0.15980960339909964,,Right Foot,Inside Box,,0
0.4085892205994983,0.27927897152569864,0.1098006236503059,,,Inside Box,,0
0.539194997679361,0.32894840194054353,0.12086743003039435,Open Play,Left Foot,Outside Box,Through Ball,0
0.6443029894475747,0.4042301924182591,0.13435903009039413,Open Play,Right Foot,Inside Box,Pass,0
0.747177779365757,0.4995989965019037,0.1602586580748253,Open Play,,Inside Box,Pass,0
0.5101527934860968,0.27032478818878836,0.10097475205285747,Set Piece,Head,Outside Box,Pass,0
0.4902391152749873,0.24168255592747243,0.09943562025771316,,,Inside Box,,0
0.5416481249447845,0.3311395420181249,0.11036140613046816,,Right Foot,,,0
0.6892728342754824,0.67710003548985,0.19973624311314508,Open Play,Right Foot,Inside Box,Through Ball,
0.451229011312578,0.18910982782568517,0.07990229175027348,Set Piece,Head,Inside Box,Cross,0
0.2500709877756665,,0.04094688093772682,Open Play,,Outside Box,Pass,0
,,0.11080460138308929,Open Play,Left Foot,Outside Box,Through Ball,0
0.6440252826830859,0.40294351665594774,0.13578200400275936,Set Piece,Head,Inside Box,Cross,0
0.7581755963045113,0.7178042950424495,0.28027641287843474,Open Play,Left Foot,,Through Ball,1
0.809846790624195,0.5188324961130555,0.18058054088913328,Open Play,Left Foot,,Pass,0
0.5810227423856271,0.4029948706820936,,Open Play,Left Foot,,Pass,0
0.45965071245756084,0.31224614990548666,0.09975651969364868,Set Piece,Head,Inside Box,Pass,0
0.47106853656083025,0.22133095002131795,0.07040693088391904,,Right Foot,,Pass,
0.7488571533435947,0.41093432455330625,0.15013560827715827,Open Play,Left Foot,Inside Box,Pass,0
0.6452579011682434,0.40634529595250024,0.13034232397397838,,Right Foot,,Cross,0
0.6176970202780402,0.4029481162258451,0.15049228970849207,Open Play,Left Foot,Outside Box,Through Ball,1
0.45011491147966554,0.22199394880766343,0.08969989051617602,Open Play,Left Foot,Outside Box,Through Ball,0
0.501648440385282,0.2889773961006622,0.09949754811894779,Open Play,Right Foot,,Cross,0
0.40942135793213164,,0.07065399030968457,Open Play,Right Foot,Inside Box,Pass,0
0.9090489926056474,0.7686660954917583,0.279515070449354,Open Play,Left Foot,Inside Box,Pass,0
0.7178499302470115,0.48907852550573616,0.20009620162770136,Open Play,Left Foot,Inside Box,Through Ball,1
0.6498045619547448,0.44115542187105933,0.16939792126201755,Open Play,Right Foot,Outside Box,Through Ball,0
0.8585557933955391,0.7481868562989402,,Open Play,Right Foot,Inside Box,Pass,
0.7994042110660838,0.6569960268586394,0.23901464330394948,Open Play,Left Foot,Inside Box,Pass,1
0.7305532647237624,0.4795634979210853,0.16936199560742823,Open Play,Left Foot,Inside Box,Cross,0
0.2899257085421465,0.109996563173829,0.05074951159068475,Open Play,Right Foot,Outside Box,Through Ball,0
0.22042759252031174,0.11910725569871622,,Set Piece,Head,Outside Box,Cross,0
,0.15973561187221813,0.06114448797045606,Open Play,Right Foot,Outside Box,Pass,0
0.31182035335343317,,0.05985613002138861,Open Play,Right Foot,Outside Box,Pass,0
0.4017362746567061,,0.12016735945343626,Open Play,Left Foot,Outside Box,Through Ball,0
,0.8192172509872311,0.31962012748916313,Open Play,,Inside Box,Pass,1
0.30921791765527706,0.18057878199991886,0.06994252157447,Open Play,,Outside Box,Pass,0
0.9263298805578067,0.7886574733009681,,Open Play,Left Foot,Inside Box,Through Ball,0
0.8482978416595991,0.7100860942201737,0.26908832252934123,Open Play,Left Foot,Inside Box,Pass,1
0.5915740210319885,,0.10079117692743872,Set Piece,Head,Inside Box,Cross,0
0.6986959938865428,0.4684199274620837,0.14043785846705778,Open Play,Left Foot,Inside Box,Through Ball,0
0.887655860299092,0.7175568346463326,0.278906841891116,Open Play,Right Foot,Inside Box,Pass,1
0.45164012557871436,0.24880852884035734,0.08004326338573656,,Right Foot,Inside Box,,0
0.8268810275746103,0.4708350994997604,0.18958660856061424,Open Play,Left Foot,Inside Box,Cross,0
0.6714713155884923,0.42859367300049717,0.13461025811838273,Open Play,Right Foot,Inside Box,Pass,0
0.7188459482797377,0.5005844391619736,0.19033030775183712,Open Play,Right Foot,Inside Box,Pass,1
0.32947074561583656,0.1395331031028007,0.05011762655728465,Set Piece,Head,Inside Box,Cross,0
0.8168440329207867,0.7183948948263159,0.26898321949381093,Open Play,Right Foot,Inside Box,Pass,1
0.9185811027527493,0.8176052119582293,0.320031450081481,Open Play,Left Foot,Inside Box,Pass,1
0.6195695545409199,0.3893503224959595,0.1356216668888562,Open Play,Right Foot,Inside Box,,0
0.5580393514948121,0.4011404480390252,0.13579969285976407,Open Play,Left Foot,,Cross,
,0.269088380535489,0.1002565507329003,Set Piece,Head,,Cross,0
0.9494634896539051,0.9096885029227261,0.34912562733899155,Open Play,Right Foot,Inside Box,Through Ball,1
0.3700327235267152,,0.07054766806450925,Open Play,,Outside Box,Pass,0
0.6457316231984052,,0.11052247489580427,,,Outside Box,Cross,0
,,,Open Play,Right Foot,Outside Box,Through Ball,
0.6463114782652627,0.3707901236641439,0.1343972906472572,Open Play,Right Foot,Inside Box,,0
0.847482352702084,0.5313166873551974,0.18938530662670822,,Right Foot,Inside Box,Cross,0
0.6807670780440341,0.47931862015291526,0.1397177666518197,Open Play,Right Foot,Inside Box,Through Ball,0
0.6389960928464555,0.41158212886195134,0.15021031511487112,Open Play,Right Foot,Inside Box,Pass,1
0.7400288593838067,,,Open Play,Left Foot,Inside Box,Cross,0
0.48195487241915574,0.3000295651540974,0.10973363915025931,Open Play,Right Foot,Outside Box,Pass,0
,0.8005479740822876,,Open Play,,Inside Box,Pass,1
0.7493743467464533,0.6471734851973784,0.20046768721192437,Open Play,Right Foot,Inside Box,Pass,1
0.868726604671957,0.6396971975470369,0.23923771383988285,Open Play,Right Foot,Inside Box,Pass,0
0.6441191008992673,0.37187600897782924,0.10996521703086248,Open Play,Right Foot,Inside Box,Pass,
0.8470714187698657,0.5588905292717886,0.1997166685306987,Open Play,Right Foot,Inside Box,Cross,0
0.6601877100437938,0.4033901469369998,0.13028044316841336,Open Play,Left Foot,Inside Box,,0
0.757438215837239,0.4310811132723552,0.13542523422517794,Set Piece,Head,Inside Box,,0
0.6179704929055104,,0.11971180499895515,Open Play,Right Foot,Outside Box,Through Ball,0
0.7100068566432722,0.4884258761489416,0.17001432915860804,Open Play,Right Foot,Inside Box,Pass,0
0.9363728989360274,0.8477950056679074,,Open Play,Left Foot,Inside Box,Pass,1
,0.7676218476489802,0.2902539618492771,Open Play,Right Foot,Inside Box,Through Ball,1
0.6425443413730758,,,Open Play,Right Foot,Inside Box,Pass,0
0.637813464049726,0.4062572232747874,0.15068222061761677,Open Play,Left Foot,Inside Box,Through Ball,1
0.24036235812815004,0.10963505247702182,0.04059639110709566,Open Play,Right Foot,Outside Box,Pass,0
0.40119088029130134,0.18278570194183172,0.06987380041730702,Set Piece,Head,Inside Box,Cross,0
0.2997858430283118,,0.04053158924713482,Set Piece,Head,Outside Box,,0
0.8005601154615826,0.5493670631943315,0.19981031254924742,Open Play,Left Foot,Inside Box,Through Ball,0
0.8199129736102018,0.7796412103317879,0.28883436554614306,Open Play,Right Foot,Inside Box,Through Ball,
0.28032602809363555,0.12182718381127672,0.04034298959235129,Open Play,Left Foot,Outside Box,Pass,
0.6452166154007185,0.4056449763938336,0.13038398674299553,,,,Cross,0
0.617923865078985,0.40552654302929947,0.13946644322829102,Open Play,Right Foot,,Through Ball,0
0.6434723362787029,0.4899437664309664,0.19046470355850334,Open Play,Left Foot,Inside Box,Pass,1
,0.1108909324531892,0.041178822441915064,Open Play,Left Foot,Outside Box,Pass,0
0.259357169281543,0.1608831215111386,,Open Play,Right Foot,Outside Box,Through Ball,
0.6686299956998996,0.40416440773612206,0.1343072405725798,Open Play,Left Foot,,Pass,0
0.6453091988327223,0.2803878039544292,0.1343476750584292,Open Play,Left Foot,,,0
0.9277542928288793,0.8176514368459673,0.30991621463067687,,Right Foot,Inside Box,,1
0.5809776980612453,0.3415135217480253,0.10947524700549802,Set Piece,Head,,Cross,0
0.8203149861645892,0.649293583195643,0.24970286144335113,Open Play,Left Foot,Inside Box,Pass,1
0.9275314640450436,0.809908753624315,0.29872055337486014,Open Play,Left Foot,Inside Box,Pass,1
0.37221577130565386,0.20974973120683577,0.08102302753905283,,Right Foot,,,0
0.8802945303404361,0.7788526726843388,0.2893900441481345,Open Play,Left Foot,Inside Box,Through Ball,1
0.645834862220537,0.3285026902036098,0.10935481666551239,Open Play,Left Foot,Inside Box,Pass,
0.49146924431607253,0.3407005435426856,0.1298421160239428,,Right Foot,Inside Box,Pass,0
0.30144437274749414,0.110376596876677,0.04042223059156934,,Right Foot,Outside Box,Pass,0
0.5785113902700499,0.38875668344680486,0.11049819968239091,Open Play,Right Foot,Inside Box,Through Ball,
0.8497256733460061,0.7688306030163665,0.2896498976675347,Open Play,,Inside Box,Pass,1
0.48107372332381315,0.2517906648283822,0.08097642890671541,Set Piece,Head,Inside Box,Cross,0
0.5810181372262133,0.2586613396631395,0.0809624436407859,Set Piece,Head,Inside Box,Cross,0
0.687675524493141,0.4044872472076772,0.13469341196784426,,Right Foot,,Cross,0
0.5198557266874795,,0.10981364112434672,Open Play,Right Foot,Inside Box,Pass,0
0.6428072029011518,0.406794587213501,0.14038537164764264,Set Piece,Head,Inside Box,Cross,0
0.22217712009971263,0.10253865809107926,0.04003096401910644,Open Play,,Outside Box,Pass,0
0.2507535541849262,0.1529094960367986,0.04958070031852779,Open Play,Right Foot,Outside Box,Pass,0
0.31927144811937164,0.15247086624525885,,Set Piece,Head,Outside Box,Cross,
0.876684506930899,0.7972430779481303,,Open Play,Right Foot,Inside Box,Pass,1
0.7212690384614682,0.4790780560968537,0.18937989227503513,Open Play,Left Foot,Outside Box,Through Ball,0
0.7400126034044491,0.4391778825204932,0.15052924137372128,Open Play,Left Foot,Inside Box,,0
0.3795527855443825,0.19965695763999297,0.06113778433160852,,,,,0
0.6980107390817849,0.480245769264388,0.14950776412286534,,Right Foot,Inside Box,Cross,0
0.8102242838190561,0.5475353311248801,0.19974471034124935,Open Play,Left Foot,Inside Box,Pass,0
0.7093120810591894,,0.1703269615384243,,Right Foot,Inside Box,Cross,0
0.4021887711006035,,,Open Play,Left Foot,Outside Box,Pass,0
0.5309529527654923,0.32227978452190764,0.13012850622604585,Open Play,Right Foot,Outside Box,Through Ball,0
0.6078785690335968,0.32965239788582507,0.11089688783033311,Open Play,Left Foot,Inside Box,Cross,0
0.6798448922575683,0.403681282215867,,Open Play,,Inside Box,Pass,0
0.4804293256686641,0.18188259366589485,0.060844576518445284,,Right Foot,Inside Box,,
0.9064424948487213,0.6890658297094447,,Open Play,Left Foot,Inside Box,Through Ball,1
0.646536095300773,0.3819953161831143,0.13470628577263927,Open Play,Left Foot,,Pass,0
0.82777542160842,0.7494836019972313,0.2994679902526036,Open Play,Right Foot,,Pass,1
0.9399584220393471,0.8499899699281314,0.3293345718186702,Open Play,Left Foot,Inside Box,Through Ball,1
0.8096725506066663,,0.2001983938850395,Open Play,Left Foot,Inside Box,Cross,0
0.4605519317986678,0.30004297977748806,0.10975004962718388,Open Play,Right Foot,Outside Box,Through Ball,0
0.2595104659269509,0.15269530713243296,0.0602958825544241,Set Piece,Head,Outside Box,Cross,0
0.2710903752319768,0.12922951770747926,0.04965413902777799,Open Play,Right Foot,Outside Box,Pass,0
0.3089795151098084,0.1914158137455084,0.07020572911161532,Open Play,Right Foot,Outside Box,Pass,0
0.39252151787840994,0.24908210306336842,0.09079147311299954,Open Play,Left Foot,Outside Box,Through Ball,0
0.8604719960108889,0.7372143387247867,0.27877287427225683,Open Play,Right Foot,Inside Box,Pass,1
,0.25127027527078505,0.10951329067269913,Open Play,Right Foot,Outside Box,Through Ball,0
,0.35817068658741297,0.13062789578595943,Open Play,Left Foot,,Pass,0
0.6984021895367627,0.46041282654696203,0.16049044979995136,Open Play,Left Foot,Inside Box,Pass,1
0.6200004178693298,0.3996163040882856,,,Right Foot,Inside Box,,0
0.7789229066591168,0.6370980299336751,0.1999544519163855,Open Play,Left Foot,Inside Box,Pass,0
0.5987041454683711,0.3489611640655812,0.10062349299237874,,,Outside Box,,
0.25984972794939093,0.12164480835603336,0.0503417543203844,Open Play,Left Foot,Outside Box,Pass,0
0.6176446981058616,0.22043707636982657,0.10942863099855721,Open Play,Left Foot,Inside Box,Cross,0
0.5988883688004922,0.28137753527609244,0.079616486840819,Open Play,Left Foot,Inside Box,Pass,0
0.7486241428893298,0.6104473166784486,0.24034834304425362,Open Play,Right Foot,Inside Box,Pass,1
,0.11098357001610404,,Set Piece,Head,Inside Box,Cross,0
0.8996886908445985,0.777439916992871,0.3086586364361016,Open Play,Right Foot,Inside Box,,1
0.7778539446656132,,0.26899972490247626,Open Play,Left Foot,Inside Box,Pass,1
0.6878875902947018,0.5110817915318194,0.19016026795253474,Open Play,Left Foot,Inside Box,Through Ball,0
0.6480671503168509,0.47978090087795755,0.16997443145842636,Open Play,Right Foot,Inside Box,,0
0.5292005640725778,0.39040542457893646,0.13450124961554455,Set Piece,Head,Inside Box,Cross,1
0.9464755498897766,0.9062339485004645,0.3493259895954819,Open Play,Left Foot,Inside Box,Through Ball,
0.33106873172056683,0.1895165891630968,0.06995816033747587,Open Play,Right Foot,Outside Box,Pass,0
0.7605611851452823,0.49898820358960716,,Open Play,Right Foot,Inside Box,,0
0.7795905781980852,0.5077456210693545,0.18037767001233673,Open Play,Right Foot,,Pass,0
0.6796919854403356,0.40613611167189073,0.13547026410525534,Open Play,,Inside Box,Pass,0
0.550723181009323,0.3114571611523836,0.09971555037421942,Set Piece,Head,,Cross,0
0.7489526618077291,0.5695747143069686,0.19065413250216406,Open Play,Right Foot,Inside Box,Pass,
0.9180344996936813,0.7875978812484237,0.2887344027638715,Open Play,Left Foot,Inside Box,Pass,1
0.7102846167614388,0.4598410600617137,0.16965068194339414,Open Play,Left Foot,Inside Box,Pass,0
0.32065258799773416,0.1523220205851195,,,Head,Outside Box,Pass,0
0.8883012327992774,0.7896176814382325,0.3096038777053203,Open Play,Right Foot,Inside Box,Pass,1
0.6784211282665986,0.5386503902643512,,Open Play,Right Foot,,Pass,0
0.6593311624954444,0.4047159535402225,0.13573173937226782,Open Play,Left Foot,Inside Box,Pass,0
0.5517551838749943,0.3996768753173027,0.13467489703825242,Open Play,Right Foot,Inside Box,Through Ball,0
0.7309852331493384,0.47797080188920255,0.17012846085409367,Open Play,,Inside Box,Cross,0
0.909300780387094,0.7091814554776212,0.2487844924322146,Open Play,Left Foot,Inside Box,,0
0.6784743437253863,0.4032243412748281,0.13533533063348618,Open Play,,Outside Box,,0
0.5491940776994103,0.2897099284527444,0.1001335500597699,Open Play,Right Foot,Outside Box,Pass,
0.8079452643869823,0.5683104656948795,0.20960520989064169,Open Play,Right Foot,Inside Box,Through Ball,0
,0.43077140048794416,0.17011186102788792,Open Play,Right Foot,Inside Box,Pass,1
,0.8473144851815109,0.3285313610744936,Open Play,Right Foot,Inside Box,Pass,1
0.3720857702060171,0.18105678401897482,0.050018427422494405,Open Play,,Inside Box,Through Ball,
0.6500424737246898,0.4586689984170232,0.17926871419274817,Open Play,Left Foot,Inside Box,Pass,1
0.24011379877605116,0.11200323353216407,0.04119136852836479,Open Play,,Outside Box,Pass,0
0.6450791661038195,0.4062943835255296,0.14002430003374766,Set Piece,Head,Inside Box,Cross,0
0.5007961672361639,0.22899367142943006,0.06072351135553258,Set Piece,Head,Outside Box,Cross,0
0.830700752086897,0.5177958251462575,0.16946652669044304,,Right Foot,Inside Box,Pass,
0.7298517915274948,0.547886119944078,0.23917794737334797,Open Play,,Inside Box,,1
0.5119767138605875,,0.10008812619709336,Open Play,Left Foot,Outside Box,Pass,0
0.6426092415194007,0.4032798346427023,0.1299576539406415,Set Piece,,,,0
0.399822944965531,0.23867577418042032,0.09044559121555194,Open Play,Right Foot,Outside Box,Pass,0
0.748325034329177,0.5698024695937967,0.23961610593347743,Open Play,Left Foot,Inside Box,Pass,1
0.30224237989430713,,,,Right Foot,Outside Box,,0
0.3711605272015849,0.2520570559965273,0.09024601707174065,Open Play,Left Foot,Outside Box,Through Ball,0
,0.4066039496480752,0.11928237403776915,Set Piece,Head,,Cross,
0.7000081277749771,,0.13502923987426454,Open Play,Left Foot,Inside Box,Cross,
0.6285827677645034,0.3696335861412721,0.11941264888394246,,,,Cross,0
0.669576848934698,0.40405831631261024,0.1351768520759681,,,Inside Box,Pass,0
0.8278383826805283,0.7274187392410316,0.27990949825137945,Open Play,Right Foot,Inside Box,Pass,1
0.8104119080613532,0.6377108198553416,0.23885344032726272,Open Play,Left Foot,Inside Box,Through Ball,
0.3291466777097297,0.20246363730670863,0.0605622451815314,Open Play,,Outside Box,Pass,0
0.780298231809783,0.6873540871656978,0.2599693787911659,Open Play,Left Foot,Inside Box,Through Ball,1
0.9494678681714643,0.8201320822337512,0.308906296544101,Open Play,Left Foot,Inside Box,Through Ball,0
0.530283313215774,0.4065331975000581,0.13423179843917335,Set Piece,Head,Inside Box,Cross,0
,0.3893488665418259,0.13478991840652882,Open Play,Left Foot,Outside Box,Pass,0
0.6460206751256352,0.4046301863840204,0.11987919907528269,Open Play,,Inside Box,,0
0.9381969927049228,0.8497182866791233,0.3296812559694617,Open Play,Left Foot,Inside Box,Through Ball,1
0.8604965440085184,0.6397675626881867,0.2093833167315974,Set Piece,Head,Inside Box,,0
0.47899482843777264,0.2308911327179819,0.09995954566033356,Set Piece,Head,Inside Box,Cross,0
,0.1521833542882891,0.05078873873817774,,,Outside Box,Cross,0
,0.4043690155449842,0.11934591999466589,Open Play,Right Foot,Inside Box,Pass,0
0.6711639593615826,,0.13583866602748165,Set Piece,Head,Inside Box,,0
0.11201379397338751,0.0508979275580656,0.020439290992684128,Open Play,,Outside Box,Pass,0
0.469333271936894,,,Open Play,Left Foot,Outside Box,Pass,0
0.51072899818159,0.19190101850076532,0.06057192259271581,Set Piece,Head,Inside Box,Cross,0
0.8285021241086913,0.7506424084221979,0.2995891655458159,,Right Foot,Inside Box,Pass,1
0.5018788003797781,0.2310094875346164,0.0806949238721977,Open Play,Left Foot,Outside Box,Pass,
0.6714698005758759,0.42124993500105595,,Open Play,Right Foot,Inside Box,Pass,0
0.7378078982973583,0.43789435081781636,0.13974962647973319,Set Piece,Head,Inside Box,Cross,0
0.5119362771575032,0.24931162827629424,0.08980669034791491,,,Outside Box,Cross,0
0.5081647654411225,0.218903312030235,0.09096787331176567,Open Play,Left Foot,Inside Box,Pass,0
0.7605099243573221,,0.16914792474516746,,,Inside Box,Cross,0
0.3508826124873236,0.27094092011385007,0.11012248467048684,Open Play,Right Foot,Outside Box,Through Ball,0
0.6448839574821629,0.4055839361885125,0.1350708486182029,Open Play,Right Foot,,Pass,0
0.8506418898789697,0.5075041985080342,0.18934392597978464,Open Play,Left Foot,Inside Box,Cross,0
0.5914672304530907,0.38817063356823056,0.13075167134647925,Open Play,,Inside Box,Through Ball,0
,0.44006865888547975,0.14016724306176143,Open Play,Left Foot,Inside Box,Pass,
0.786954710914457,0.6078913581938582,0.2587811527730374,Open Play,Left Foot,Inside Box,Pass,1
0.8006946313061619,0.607877557575311,0.24919840474588423,Open Play,Left Foot,,Through Ball,0
0.8304090009082972,0.6797224604487848,0.2695291817927647,Open Play,Left Foot,,Pass,1
0.9072764577227823,0.7774434119048562,0.3097477882064221,Open Play,Left Foot,Inside Box,Through Ball,1
0.6438230894002904,0.4030105906427256,,Open Play,Left Foot,Inside Box,Cross,0
0.53989446122353,0.2885305279421634,0.11992579886435575,Open Play,Right Foot,Outside Box,Through Ball,0
0.22302891252258866,0.1197048956285433,,Set Piece,Head,Outside Box,Cross,0
0.5985152399175417,0.4040962261373288,0.15913770039821085,Open Play,Left Foot,Outside Box,Through Ball,1
0.6428061203424307,0.511197655084463,0.1897618188371575,Open Play,Left Foot,Outside Box,Through Ball,
0.2915830233775657,0.13160619972638343,,Open Play,Left Foot,Outside Box,Pass,0
0.9199463432381205,0.8167106029946036,0.3100819772041933,Open Play,Right Foot,Inside Box,Pass,1
0.4801929624184461,0.25120782066114633,0.09959332874414886,Open Play,,,,
0.7005926773487631,0.4888495232673905,0.17025216254942185,Open Play,Left Foot,Inside Box,Pass,
0.5691272537149297,0.40306716715716323,0.1342288007092449,Open Play,Right Foot,,Through Ball,1
0.7594572614132379,0.4794803054033725,0.16036902911878018,Set Piece,Head,Inside Box,Cross,0
,0.40654512431956924,,Open Play,Left Foot,Inside Box,Pass,0
0.6457904807847865,,0.1349340320745946,Open Play,Right Foot,Outside Box,,
0.3795266270838841,0.2787382477576653,0.12066795566778539,Open Play,Left Foot,Outside Box,Pass,0
0.710581616827488,0.40533983092389525,0.1495906038119867,Open Play,Left Foot,Inside Box,Cross,0
0.6687882735366667,0.46153588538406237,0.13431331323717718,Open Play,Left Foot,Inside Box,Pass,
0.6986251022343788,,0.20971595812483665,Open Play,Left Foot,Inside Box,Through Ball,1
0.6286001269789367,0.35909262967424427,0.12957302855421773,Set Piece,,Inside Box,Cross,0
0.9094817258751369,0.7987980484986732,0.3094097457173761,Open Play,Right Foot,Inside Box,Through Ball,1
0.7802922423804268,0.6774399923616274,0.2592683529043043,Open Play,Left Foot,Inside Box,Pass,1
0.8998581116767559,0.6695845038550736,0.2494661435907236,Open Play,Left Foot,Inside Box,Pass,0
0.8505850628565043,0.6688804305615048,0.24978308965769142,Open Play,Left Foot,Inside Box,,0
,,,Set Piece,Head,Inside Box,Cross,0
0.918884287518343,0.8470614476094718,0.3193719811837821,Open Play,Right Foot,Inside Box,Through Ball,1
0.2219147914165694,0.05294821099065433,0.040561332377736084,Open Play,Right Foot,Outside Box,Through Ball,0
0.6433862311644188,0.3504305729618631,0.10085680199709252,,Right Foot,Inside Box,Cross,0
0.30179437854109176,,0.05095957212199072,Open Play,Right Foot,Outside Box,Through Ball,0
0.6201157731234473,0.34163124491784025,0.13536547667552237,,,Inside Box,,0
0.799660853499079,0.5690634503524234,0.24033227954281533,Set Piece,Head,Inside Box,Cross,0
0.5913487892829731,0.40323768919124436,0.11952136682153516,Open Play,,,Pass,0
,0.8191876867044834,0.31863002791184397,Open Play,Right Foot,Inside Box,Pass,
0.6780274944184552,0.4069181946160515,0.13920547410756207,Open Play,Left Foot,Inside Box,Pass,0
0.3289944646036503,0.17286369941079038,0.06056231491077904,,,Outside Box,,0
0.8576371967795917,0.748010980523931,0.2990532542087804,Open Play,Right Foot,Inside Box,Pass,1
0.9164206866849239,0.8391654859882893,0.319686979794672,Open Play,Right Foot,Inside Box,,1
,0.45033772163655394,0.16042968824317083,Open Play,Right Foot,Inside Box,Pass,0
0.8782232963722976,0.7084587317106859,0.259991882235332,Open Play,Right Foot,Inside Box,Pass,1
0.37182778418091733,0.1489885994164712,0.05100451834519165,Open Play,Right Foot,Inside Box,Cross,
0.6458501493001898,0.4058286148477608,0.13461773322008952,Open Play,Left Foot,Inside Box,Cross,0
0.8082245947408121,0.6092434122892,0.19004294981037176,Set Piece,Head,Inside Box,,
0.645554414373446,0.32914023380627216,0.1096601481977302,Open Play,Right Foot,,Pass,0
